<application>
  <component name="AbbreviationManager">
    <abbreviations>
      <action id="Vcs.UpdateProject" />
      <action id="GenerateJavadoc" />
      <action id="EditorDuplicateLines" />
      <action id="runShellFileAction" />
      <action id="ExpandTreeNode" />
      <action id="RunTargetAction" />
      <action id="MoveLineUp" />
      <action id="ExpandExpandableComponent" />
      <action id="CheckinProject" />
      <action id="NewScratchFile" />
      <action id="Find" />
      <action id="MoveLineDown" />
      <action id="Vcs.Push" />
      <action id="RunClass" />
      <action id="ExpandAll" />
      <action id="CollapseExpandableComponent" />
    </abbreviations>
  </component>
</application>