<application>
  <component name="FindSettings">
    <option name="customScope" value="Project Files" />
    <option name="defaultScopeName" value="Project Files" />
    <option name="SEARCH_SCOPE" value="Project Files" />
    <mask>*.jsp</mask>
    <mask>*.css</mask>
    <mask>*.sql</mask>
    <mask>*.properties</mask>
    <mask>*.yml</mask>
    <mask>e</mask>
    <mask>*.xml</mask>
    <mask>*.html</mask>
    <mask>*.txt</mask>
    <mask>*.js</mask>
    <mask>*.java</mask>
  </component>
</application>