<application>
  <component name="FeatureSuggesterSettings">
    <option name="workingDays">
      <list>
        <option value="1659663927091" />
        <option value="1659719636208" />
        <option value="1659803110701" />
        <option value="1659922756057" />
        <option value="1660008299689" />
        <option value="1660062009643" />
        <option value="1660150371890" />
        <option value="1660268159909" />
        <option value="1660400129957" />
        <option value="1660418035182" />
        <option value="1660498691208" />
        <option value="1660580952191" />
        <option value="1660699811733" />
        <option value="1660754942458" />
        <option value="1660842405254" />
        <option value="1660929209820" />
        <option value="1661011218058" />
        <option value="1661135078256" />
        <option value="1661217970373" />
        <option value="1661304342360" />
        <option value="1661356804839" />
        <option value="1661443232239" />
        <option value="1661621328233" />
        <option value="1661736962374" />
        <option value="1661820437702" />
        <option value="1661910291915" />
        <option value="1661995922089" />
        <option value="1662082127551" />
        <option value="1662134475102" />
        <option value="1662537276751" />
      </list>
    </option>
  </component>
</application>