<keymap version="1" name="Garlam" parent="Eclipse">
  <action id="$Copy">
    <keyboard-shortcut first-keystroke="meta c" />
    <keyboard-shortcut first-keystroke="alt c" />
  </action>
  <action id="$Cut">
    <keyboard-shortcut first-keystroke="ctrl x" />
    <keyboard-shortcut first-keystroke="shift delete" />
    <keyboard-shortcut first-keystroke="meta x" />
  </action>
  <action id="$Delete">
    <keyboard-shortcut first-keystroke="meta back_space" />
  </action>
  <action id="$Paste">
    <keyboard-shortcut first-keystroke="meta v" />
  </action>
  <action id="$Redo">
    <keyboard-shortcut first-keystroke="ctrl y" />
    <keyboard-shortcut first-keystroke="meta y" />
  </action>
  <action id="$SelectAll">
    <keyboard-shortcut first-keystroke="ctrl a" />
    <keyboard-shortcut first-keystroke="meta a" />
  </action>
  <action id="$Undo">
    <keyboard-shortcut first-keystroke="ctrl z" />
    <keyboard-shortcut first-keystroke="meta z" />
  </action>
  <action id="ActivateProjectToolWindow" />
  <action id="Android.Designer.IssuePanel.CopyIssueDescription">
    <keyboard-shortcut first-keystroke="meta c" />
  </action>
  <action id="Android.HotswapChanges" />
  <action id="Arrangement.Alias.Rule.Edit" />
  <action id="Arrangement.Rule.Edit" />
  <action id="ChangesView.SetDefault" />
  <action id="CheckinProject">
    <keyboard-shortcut first-keystroke="meta k" />
  </action>
  <action id="ChooseNextSubsequentPropertyValueEditorAction" />
  <action id="ChoosePrevSubsequentPropertyValueEditorAction" />
  <action id="ClassNameCompletion" />
  <action id="CloseAllEditors" />
  <action id="CloseAllEditorsButActive">
    <keyboard-shortcut first-keystroke="shift meta t" />
  </action>
  <action id="CloseContent" />
  <action id="CodeCompletion" />
  <action id="CollapseAll">
    <keyboard-shortcut first-keystroke="ctrl minus" />
  </action>
  <action id="CollapseAllRegions">
    <keyboard-shortcut first-keystroke="meta minus" />
  </action>
  <action id="CommentByBlockComment">
    <keyboard-shortcut first-keystroke="meta alt slash" />
  </action>
  <action id="CommentByLineComment">
    <keyboard-shortcut first-keystroke="meta slash" />
  </action>
  <action id="Console.Execute.Multiline">
    <keyboard-shortcut first-keystroke="f5" />
    <keyboard-shortcut first-keystroke="meta enter" />
  </action>
  <action id="Console.Jdbc.Execute">
    <keyboard-shortcut first-keystroke="meta enter" />
    <keyboard-shortcut first-keystroke="alt enter" />
  </action>
  <action id="Console.Open">
    <keyboard-shortcut first-keystroke="shift ctrl f10" />
    <keyboard-shortcut first-keystroke="shift c" />
  </action>
  <action id="Console.TableResult.Copy">
    <keyboard-shortcut first-keystroke="meta c" />
  </action>
  <action id="Console.TableResult.EditValue">
    <keyboard-shortcut first-keystroke="enter" />
    <keyboard-shortcut first-keystroke="alt enter" />
  </action>
  <action id="Console.TableResult.Submit">
    <keyboard-shortcut first-keystroke="meta enter" />
    <keyboard-shortcut first-keystroke="alt enter" />
  </action>
  <action id="ConsoleView.ClearAll">
    <keyboard-shortcut first-keystroke="ctrl q" />
  </action>
  <action id="ContextHelp" />
  <action id="CopyAsPlainText">
    <keyboard-shortcut first-keystroke="ctrl c" />
  </action>
  <action id="CopyPaths">
    <keyboard-shortcut first-keystroke="shift meta c" />
  </action>
  <action id="DSM.ZoomIn">
    <keyboard-shortcut first-keystroke="ctrl add" />
  </action>
  <action id="DatabaseView.Tools">
    <keyboard-shortcut first-keystroke="ctrl 1" />
  </action>
  <action id="Debug">
    <keyboard-shortcut first-keystroke="meta 2" />
  </action>
  <action id="Debugger.EditArrayFilter" />
  <action id="Debugger.EditCustomField" />
  <action id="DecrementWindowHeight" />
  <action id="Diff.NextChange">
    <keyboard-shortcut first-keystroke="ctrl alt left" />
    <keyboard-shortcut first-keystroke="ctrl page_down" />
  </action>
  <action id="DomElementsTreeView.DeleteElement">
    <keyboard-shortcut first-keystroke="delete" />
  </action>
  <action id="Editor Copy">
    <keyboard-shortcut first-keystroke="meta c" />
    <keyboard-shortcut first-keystroke="alt c" />
  </action>
  <action id="Editor Cut">
    <keyboard-shortcut first-keystroke="meta x" />
  </action>
  <action id="Editor Delete">
    <keyboard-shortcut first-keystroke="meta back_space" />
  </action>
  <action id="Editor Paste">
    <keyboard-shortcut first-keystroke="meta v" />
  </action>
  <action id="Editor Redo">
    <keyboard-shortcut first-keystroke="meta y" />
  </action>
  <action id="Editor SelectAll">
    <keyboard-shortcut first-keystroke="meta a" />
  </action>
  <action id="Editor Undo">
    <keyboard-shortcut first-keystroke="meta z" />
  </action>
  <action id="EditorBackSpace">
    <keyboard-shortcut first-keystroke="back_space" />
  </action>
  <action id="EditorDelete">
    <keyboard-shortcut first-keystroke="meta back_space" />
    <keyboard-shortcut first-keystroke="delete" />
  </action>
  <action id="EditorDeleteLine">
    <keyboard-shortcut first-keystroke="ctrl d" />
    <keyboard-shortcut first-keystroke="meta d" />
  </action>
  <action id="EditorDownWithSelection">
    <keyboard-shortcut first-keystroke="shift down" />
    <keyboard-shortcut first-keystroke="meta alt down" />
  </action>
  <action id="EditorDuplicateLines">
    <keyboard-shortcut first-keystroke="ctrl meta c" />
  </action>
  <action id="EditorLineEndWithSelection">
    <keyboard-shortcut first-keystroke="shift end" />
    <keyboard-shortcut first-keystroke="shift meta right" />
  </action>
  <action id="EditorLineStartWithSelection">
    <keyboard-shortcut first-keystroke="shift home" />
    <keyboard-shortcut first-keystroke="shift meta left" />
  </action>
  <action id="EditorLookupDown" />
  <action id="EditorLookupUp" />
  <action id="EditorNextWord">
    <keyboard-shortcut first-keystroke="meta right" />
  </action>
  <action id="EditorNextWordWithSelection">
    <keyboard-shortcut first-keystroke="meta alt right" />
  </action>
  <action id="EditorPreviousWord">
    <keyboard-shortcut first-keystroke="meta left" />
  </action>
  <action id="EditorPreviousWordWithSelection">
    <keyboard-shortcut first-keystroke="meta alt left" />
  </action>
  <action id="EditorScrollBottom">
    <keyboard-shortcut first-keystroke="meta end" />
  </action>
  <action id="EditorScrollDown" />
  <action id="EditorScrollTop">
    <keyboard-shortcut first-keystroke="meta home" />
  </action>
  <action id="EditorScrollUp" />
  <action id="EditorSetRtlBidiTextDirection">
    <keyboard-shortcut first-keystroke="ctrl alt slash" />
  </action>
  <action id="EditorTextEnd">
    <keyboard-shortcut first-keystroke="ctrl meta right" />
  </action>
  <action id="EditorTextEndWithSelection">
    <keyboard-shortcut first-keystroke="shift ctrl end" />
    <keyboard-shortcut first-keystroke="shift meta down" />
  </action>
  <action id="EditorTextStart">
    <keyboard-shortcut first-keystroke="ctrl meta left" />
  </action>
  <action id="EditorTextStartWithSelection">
    <keyboard-shortcut first-keystroke="shift ctrl home" />
    <keyboard-shortcut first-keystroke="shift meta up" />
  </action>
  <action id="EditorUpWithSelection">
    <keyboard-shortcut first-keystroke="shift up" />
    <keyboard-shortcut first-keystroke="meta alt up" />
  </action>
  <action id="ExpandAll">
    <keyboard-shortcut first-keystroke="ctrl add" />
  </action>
  <action id="ExpandAllRegions">
    <keyboard-shortcut first-keystroke="meta equals" />
  </action>
  <action id="ExternalSystem.ExpandAll">
    <keyboard-shortcut first-keystroke="ctrl add" />
  </action>
  <action id="FileStructurePopup">
    <keyboard-shortcut first-keystroke="meta o" />
  </action>
  <action id="FindInPath">
    <keyboard-shortcut first-keystroke="meta w" />
  </action>
  <action id="FindPrevious" />
  <action id="FixDocComment">
    <keyboard-shortcut first-keystroke="shift alt 5" />
  </action>
  <action id="Generate">
    <keyboard-shortcut first-keystroke="meta g" />
  </action>
  <action id="GenerateJavadoc">
    <keyboard-shortcut first-keystroke="meta 5" />
  </action>
  <action id="GotoDeclaration">
    <mouse-shortcut keystroke="meta button1" />
  </action>
  <action id="GotoFile">
    <keyboard-shortcut first-keystroke="shift ctrl r" />
    <keyboard-shortcut first-keystroke="meta r" />
  </action>
  <action id="GotoPreviousError" />
  <action id="Graph.ApplyCurrentLayout" />
  <action id="HideActiveWindow" />
  <action id="HippieBackwardCompletion" />
  <action id="IlluminatedCloud.SaveAll">
    <keyboard-shortcut first-keystroke="ctrl s" />
  </action>
  <action id="Images.Editor.ZoomIn">
    <keyboard-shortcut first-keystroke="ctrl add" />
  </action>
  <action id="Images.Thumbnails.UpFolder" />
  <action id="IncrementWindowHeight" />
  <action id="JRebel Debug">
    <keyboard-shortcut first-keystroke="shift ctrl w" />
  </action>
  <action id="JRebel Executor">
    <keyboard-shortcut first-keystroke="f10" />
  </action>
  <action id="Jdbc.OpenConsole.New.Generate">
    <keyboard-shortcut first-keystroke="shift ctrl q" />
  </action>
  <action id="JumpToLastChange" />
  <action id="Maven.Reimport">
    <keyboard-shortcut first-keystroke="meta i" />
  </action>
  <action id="MethodDown" />
  <action id="MethodOverloadSwitchDown" />
  <action id="MethodOverloadSwitchUp" />
  <action id="MethodUp" />
  <action id="MoveLineDown">
    <keyboard-shortcut first-keystroke="meta down" />
  </action>
  <action id="MoveLineUp">
    <keyboard-shortcut first-keystroke="meta up" />
  </action>
  <action id="NewScratchFile">
    <keyboard-shortcut first-keystroke="meta t" />
  </action>
  <action id="NextDiff" />
  <action id="NextTab">
    <keyboard-shortcut first-keystroke="ctrl alt left" />
    <keyboard-shortcut first-keystroke="ctrl page_down" />
  </action>
  <action id="OptimizeImports">
    <keyboard-shortcut first-keystroke="shift meta o" />
  </action>
  <action id="ProblemsView.CopyProblemDescription">
    <keyboard-shortcut first-keystroke="meta c" />
  </action>
  <action id="QuickDocCopy">
    <keyboard-shortcut first-keystroke="meta c" />
  </action>
  <action id="QuickJavaDoc">
    <mouse-shortcut keystroke="alt button2" />
    <keyboard-shortcut first-keystroke="shift ctrl space" />
  </action>
  <action id="ReformatCode">
    <keyboard-shortcut first-keystroke="shift meta f" />
  </action>
  <action id="RenameElement">
    <keyboard-shortcut first-keystroke="f2" />
    <keyboard-shortcut first-keystroke="shift meta r" />
  </action>
  <action id="Replace">
    <keyboard-shortcut first-keystroke="meta f" />
  </action>
  <action id="ResizeToolWindowDown" />
  <action id="ResizeToolWindowLeft" />
  <action id="ResizeToolWindowRight" />
  <action id="ResizeToolWindowUp" />
  <action id="Resume">
    <keyboard-shortcut first-keystroke="f8" />
    <keyboard-shortcut first-keystroke="alt close_bracket" />
  </action>
  <action id="RevealIn">
    <keyboard-shortcut first-keystroke="meta back_quote" />
  </action>
  <action id="Run">
    <keyboard-shortcut first-keystroke="meta 1" />
  </action>
  <action id="RunClass">
    <keyboard-shortcut first-keystroke="f1" />
  </action>
  <action id="SaveAll" />
  <action id="SearchEverywhere.NavigateToNextGroup">
    <keyboard-shortcut first-keystroke="page_down" />
  </action>
  <action id="SearchEverywhere.NavigateToPrevGroup">
    <keyboard-shortcut first-keystroke="page_up" />
  </action>
  <action id="SelectInProjectView">
    <keyboard-shortcut first-keystroke="shift escape" />
  </action>
  <action id="ShowBookmarks" />
  <action id="ShowErrorDescription" />
  <action id="ShowPopupMenu">
    <keyboard-shortcut first-keystroke="ctrl n" />
    <keyboard-shortcut first-keystroke="shift alt s" />
    <keyboard-shortcut first-keystroke="shift alt t" />
  </action>
  <action id="ShowProjectStructureSettings">
    <keyboard-shortcut first-keystroke="shift meta s" />
  </action>
  <action id="SmartStepInto" />
  <action id="StepInto" />
  <action id="StepOver">
    <keyboard-shortcut first-keystroke="f6" />
    <keyboard-shortcut first-keystroke="alt open_bracket" />
  </action>
  <action id="Stop">
    <keyboard-shortcut first-keystroke="meta 3" />
  </action>
  <action id="Terminal.CopySelectedText">
    <keyboard-shortcut first-keystroke="ctrl c" />
  </action>
  <action id="ToggleLineBreakpoint">
    <keyboard-shortcut first-keystroke="shift ctrl b" />
  </action>
  <action id="TypeHierarchy" />
  <action id="TypeHierarchyBase.BaseOnThisType" />
  <action id="UsageView.Exclude">
    <keyboard-shortcut first-keystroke="delete" />
  </action>
  <action id="Vcs.Push">
    <keyboard-shortcut first-keystroke="shift meta k" />
  </action>
  <action id="Vcs.UpdateProject">
    <keyboard-shortcut first-keystroke="meta u" />
  </action>
  <action id="XDebugger.EditWatch" />
  <action id="XDebugger.MoveWatchUp" />
  <action id="XDebugger.SetValue" />
  <action id="editRunConfigurations">
    <keyboard-shortcut first-keystroke="alt e" />
  </action>
  <action id="javaee.UpdateRunningApplication">
    <keyboard-shortcut first-keystroke="ctrl f10" />
    <keyboard-shortcut first-keystroke="ctrl alt q" />
  </action>
</keymap>