<keymap version="1" name="Eclipse copy" parent="Eclipse">
  <action id="Android.HotswapChanges" />
  <action id="CloseAllEditors">
    <keyboard-shortcut first-keystroke="shift ctrl f4" />
    <keyboard-shortcut first-keystroke="ctrl alt w" />
  </action>
  <action id="CollapseAll">
    <keyboard-shortcut first-keystroke="shift alt 1" />
  </action>
  <action id="ConsoleView.ClearAll">
    <keyboard-shortcut first-keystroke="alt back_space" />
  </action>
  <action id="EditorDuplicateLines">
    <keyboard-shortcut first-keystroke="ctrl alt down" />
    <keyboard-shortcut first-keystroke="alt c" />
  </action>
  <action id="Run">
    <keyboard-shortcut first-keystroke="shift f10" />
    <keyboard-shortcut first-keystroke="shift x" />
  </action>
  <action id="ShowPopupMenu">
    <keyboard-shortcut first-keystroke="ctrl n" />
    <keyboard-shortcut first-keystroke="shift alt s" />
    <keyboard-shortcut first-keystroke="shift alt t" />
  </action>
  <action id="Stop">
    <keyboard-shortcut first-keystroke="ctrl f2" />
    <keyboard-shortcut first-keystroke="shift alt 2" />
  </action>
  <action id="editRunConfigurations">
    <keyboard-shortcut first-keystroke="alt e" />
  </action>
  <action id="javaee.UpdateRunningApplication">
    <keyboard-shortcut first-keystroke="ctrl f10" />
    <keyboard-shortcut first-keystroke="ctrl alt q" />
  </action>
</keymap>