<code_scheme name="Default" version="173">
  <OracleCodeStyleSettings version="6">
    <option name="USE_GENERAL_STYLE" value="false" />
    <option name="KEYWORD_CASE" value="2" />
    <option name="TYPE_CASE" value="2" />
    <option name="CUSTOM_TYPE_CASE" value="2" />
    <option name="INSERT_EL_WRAP" value="2" />
    <option name="SET_EL_WRAP" value="2" />
  </OracleCodeStyleSettings>
  <Properties>
    <option name="KEEP_BLANK_LINES" value="true" />
  </Properties>
  <codeStyleSettings language="JAVA">
    <option name="KEEP_LINE_BREAKS" value="false" />
  </codeStyleSettings>
  <codeStyleSettings language="Oracle">
    <option name="KEEP_LINE_BREAKS" value="false" />
    <option name="KEEP_FIRST_COLUMN_COMMENT" value="false" />
  </codeStyleSettings>
  <codeStyleSettings language="XML">
    <indentOptions>
      <option name="CONTINUATION_INDENT_SIZE" value="4" />
    </indentOptions>
  </codeStyleSettings>
</code_scheme>