<application>
  <component name="FeatureSuggesterSettings">
    <option name="workingDays">
      <list>
        <option value="1657104674248" />
        <option value="1657123296482" />
        <option value="1657243567217" />
        <option value="1657501219111" />
        <option value="1657582142667" />
        <option value="1657673952194" />
        <option value="1657767449785" />
        <option value="1657847008295" />
        <option value="1658106742939" />
        <option value="1658194625310" />
        <option value="1658279533242" />
        <option value="1658366133653" />
        <option value="1658422702178" />
        <option value="1658505635854" />
        <option value="1658593415842" />
        <option value="1658679742429" />
        <option value="1658764834954" />
        <option value="1658884697765" />
        <option value="1658971070569" />
        <option value="1659058721479" />
        <option value="1659116439891" />
        <option value="1659279927078" />
        <option value="1659286873745" />
        <option value="1659404971893" />
        <option value="1659488958398" />
        <option value="1659577810017" />
      </list>
    </option>
  </component>
</application>