<application>
  <component name="FeatureSuggesterSettings">
    <option name="workingDays">
      <list>
        <option value="1657104674248" />
        <option value="1657123296482" />
        <option value="1657243567217" />
        <option value="1657501219111" />
        <option value="1657582142667" />
        <option value="1657673952194" />
        <option value="1657767449785" />
        <option value="1657847008295" />
        <option value="1658106742939" />
        <option value="1658194625310" />
        <option value="1658279533242" />
        <option value="1658366133653" />
        <option value="1658422702178" />
        <option value="1658505635854" />
      </list>
    </option>
  </component>
</application>