<application>
  <component name="FeatureSuggesterSettings">
    <option name="workingDays">
      <list>
        <option value="1666920918538" />
        <option value="1666972801056" />
        <option value="1667066096043" />
        <option value="1667179132355" />
        <option value="1667438909326" />
        <option value="1667491224839" />
        <option value="1667805979063" />
        <option value="1667837681470" />
        <option value="1667958625122" />
        <option value="1668009674101" />
        <option value="1668097899368" />
        <option value="1668183506012" />
        <option value="1668269014384" />
        <option value="1668355264490" />
        <option value="1668441616816" />
        <option value="1668528002509" />
        <option value="1668614416526" />
        <option value="1668737687692" />
        <option value="1668787205138" />
        <option value="1668873659124" />
        <option value="1668960094679" />
        <option value="1669080271028" />
        <option value="1669166474878" />
        <option value="1669252922458" />
        <option value="1669341284974" />
        <option value="1669398161058" />
        <option value="1669600721396" />
        <option value="1669712826217" />
        <option value="1669773174122" />
        <option value="1669859391409" />
      </list>
    </option>
  </component>
</application>