<application>
  <component name="NodeJsLocalInterpreterManager">
    <local-interpreter path="$USER_HOME$/.nvm/versions/node/v18.19.1/bin/node">
      <version-cache version="18.19.1" last-modified="1707860581000" />
    </local-interpreter>
    <local-interpreter path="$USER_HOME$/.nvm/versions/node/v18.19.0/bin/node">
      <version-cache last-modified="0" />
    </local-interpreter>
    <local-interpreter path="$USER_HOME$/.nvm/versions/node/v16.20.2/bin/node">
      <version-cache version="16.20.2" last-modified="1691533693000" />
    </local-interpreter>
    <local-interpreter path="$USER_HOME$/.nvm/versions/node/v14.21.3/bin/node">
      <version-cache version="14.21.3" last-modified="1708488832207" />
    </local-interpreter>
    <local-interpreter path="$APPLICATION_CONFIG_DIR$/node/node-v14.15.0-darwin-x64/bin/node">
      <version-cache version="14.15.0" last-modified="1701931159656" />
    </local-interpreter>
    <local-interpreter path="$USER_HOME$/.nvm/versions/node/v12.22.12/bin/node">
      <version-cache version="12.22.12" last-modified="1649145075000" />
    </local-interpreter>
  </component>
</application>