<application>
  <component name="CodeInsightSettings">
    <option name="completionCaseSensitive" value="2" />
    <option name="COMPLETION_CASE_SENSITIVE" value="2" />
  </component>
  <component name="DefaultFont">
    <option name="FONT_SIZE" value="17" />
    <option name="FONT_REGULAR_SUB_FAMILY" value="Regular" />
    <option name="FONT_BOLD_SUB_FAMILY" value="Bold" />
    <option name="LINE_SPACING" value="0.8" />
  </component>
  <component name="EditorSettings">
    <option name="USE_SOFT_WRAPS" value="" />
    <option name="IS_RIGHT_MARGIN_SHOWN" value="false" />
    <option name="BIDI_TEXT_DIRECTION" value="RTL" />
  </component>
  <component name="XmlSettings">
    <option name="SHOW_XML_ADD_IMPORT_HINTS" value="false" />
  </component>
</application>