<application>
  <component name="ProjectJdkTable">
    <jdk version="2">
      <name value="11" />
      <type value="JavaSDK" />
      <version value="java version &quot;11.0.9&quot;" />
      <homePath value="/Library/Java/JavaVirtualMachines/zulu-11.jdk/Contents/Home" />
      <roots>
        <annotationsPath>
          <root type="composite">
            <root url="jar://$APPLICATION_HOME_DIR$/plugins/java/lib/jdkAnnotations.jar!/" type="simple" />
          </root>
        </annotationsPath>
        <classPath>
          <root type="composite">
            <root url="jrt://C:/Users/Kalam_au/AppData/Local/JetBrains/Toolbox/apps/IDEA-U/ch-0/221.5921.22/jbr/bin/Library/Java/JavaVirtualMachines/zulu-11.jdk/Contents/Home!/java.base" type="simple" />
            <root url="jrt://C:/Users/Kalam_au/AppData/Local/JetBrains/Toolbox/apps/IDEA-U/ch-0/221.5921.22/jbr/bin/Library/Java/JavaVirtualMachines/zulu-11.jdk/Contents/Home!/java.compiler" type="simple" />
            <root url="jrt://C:/Users/Kalam_au/AppData/Local/JetBrains/Toolbox/apps/IDEA-U/ch-0/221.5921.22/jbr/bin/Library/Java/JavaVirtualMachines/zulu-11.jdk/Contents/Home!/java.datatransfer" type="simple" />
            <root url="jrt://C:/Users/Kalam_au/AppData/Local/JetBrains/Toolbox/apps/IDEA-U/ch-0/221.5921.22/jbr/bin/Library/Java/JavaVirtualMachines/zulu-11.jdk/Contents/Home!/java.desktop" type="simple" />
            <root url="jrt://C:/Users/Kalam_au/AppData/Local/JetBrains/Toolbox/apps/IDEA-U/ch-0/221.5921.22/jbr/bin/Library/Java/JavaVirtualMachines/zulu-11.jdk/Contents/Home!/java.instrument" type="simple" />
            <root url="jrt://C:/Users/Kalam_au/AppData/Local/JetBrains/Toolbox/apps/IDEA-U/ch-0/221.5921.22/jbr/bin/Library/Java/JavaVirtualMachines/zulu-11.jdk/Contents/Home!/java.logging" type="simple" />
            <root url="jrt://C:/Users/Kalam_au/AppData/Local/JetBrains/Toolbox/apps/IDEA-U/ch-0/221.5921.22/jbr/bin/Library/Java/JavaVirtualMachines/zulu-11.jdk/Contents/Home!/java.management" type="simple" />
            <root url="jrt://C:/Users/Kalam_au/AppData/Local/JetBrains/Toolbox/apps/IDEA-U/ch-0/221.5921.22/jbr/bin/Library/Java/JavaVirtualMachines/zulu-11.jdk/Contents/Home!/java.management.rmi" type="simple" />
            <root url="jrt://C:/Users/Kalam_au/AppData/Local/JetBrains/Toolbox/apps/IDEA-U/ch-0/221.5921.22/jbr/bin/Library/Java/JavaVirtualMachines/zulu-11.jdk/Contents/Home!/java.naming" type="simple" />
            <root url="jrt://C:/Users/Kalam_au/AppData/Local/JetBrains/Toolbox/apps/IDEA-U/ch-0/221.5921.22/jbr/bin/Library/Java/JavaVirtualMachines/zulu-11.jdk/Contents/Home!/java.net.http" type="simple" />
            <root url="jrt://C:/Users/Kalam_au/AppData/Local/JetBrains/Toolbox/apps/IDEA-U/ch-0/221.5921.22/jbr/bin/Library/Java/JavaVirtualMachines/zulu-11.jdk/Contents/Home!/java.prefs" type="simple" />
            <root url="jrt://C:/Users/Kalam_au/AppData/Local/JetBrains/Toolbox/apps/IDEA-U/ch-0/221.5921.22/jbr/bin/Library/Java/JavaVirtualMachines/zulu-11.jdk/Contents/Home!/java.rmi" type="simple" />
            <root url="jrt://C:/Users/Kalam_au/AppData/Local/JetBrains/Toolbox/apps/IDEA-U/ch-0/221.5921.22/jbr/bin/Library/Java/JavaVirtualMachines/zulu-11.jdk/Contents/Home!/java.scripting" type="simple" />
            <root url="jrt://C:/Users/Kalam_au/AppData/Local/JetBrains/Toolbox/apps/IDEA-U/ch-0/221.5921.22/jbr/bin/Library/Java/JavaVirtualMachines/zulu-11.jdk/Contents/Home!/java.se" type="simple" />
            <root url="jrt://C:/Users/Kalam_au/AppData/Local/JetBrains/Toolbox/apps/IDEA-U/ch-0/221.5921.22/jbr/bin/Library/Java/JavaVirtualMachines/zulu-11.jdk/Contents/Home!/java.security.jgss" type="simple" />
            <root url="jrt://C:/Users/Kalam_au/AppData/Local/JetBrains/Toolbox/apps/IDEA-U/ch-0/221.5921.22/jbr/bin/Library/Java/JavaVirtualMachines/zulu-11.jdk/Contents/Home!/java.security.sasl" type="simple" />
            <root url="jrt://C:/Users/Kalam_au/AppData/Local/JetBrains/Toolbox/apps/IDEA-U/ch-0/221.5921.22/jbr/bin/Library/Java/JavaVirtualMachines/zulu-11.jdk/Contents/Home!/java.smartcardio" type="simple" />
            <root url="jrt://C:/Users/Kalam_au/AppData/Local/JetBrains/Toolbox/apps/IDEA-U/ch-0/221.5921.22/jbr/bin/Library/Java/JavaVirtualMachines/zulu-11.jdk/Contents/Home!/java.sql" type="simple" />
            <root url="jrt://C:/Users/Kalam_au/AppData/Local/JetBrains/Toolbox/apps/IDEA-U/ch-0/221.5921.22/jbr/bin/Library/Java/JavaVirtualMachines/zulu-11.jdk/Contents/Home!/java.sql.rowset" type="simple" />
            <root url="jrt://C:/Users/Kalam_au/AppData/Local/JetBrains/Toolbox/apps/IDEA-U/ch-0/221.5921.22/jbr/bin/Library/Java/JavaVirtualMachines/zulu-11.jdk/Contents/Home!/java.transaction.xa" type="simple" />
            <root url="jrt://C:/Users/Kalam_au/AppData/Local/JetBrains/Toolbox/apps/IDEA-U/ch-0/221.5921.22/jbr/bin/Library/Java/JavaVirtualMachines/zulu-11.jdk/Contents/Home!/java.xml" type="simple" />
            <root url="jrt://C:/Users/Kalam_au/AppData/Local/JetBrains/Toolbox/apps/IDEA-U/ch-0/221.5921.22/jbr/bin/Library/Java/JavaVirtualMachines/zulu-11.jdk/Contents/Home!/java.xml.crypto" type="simple" />
            <root url="jrt://C:/Users/Kalam_au/AppData/Local/JetBrains/Toolbox/apps/IDEA-U/ch-0/221.5921.22/jbr/bin/Library/Java/JavaVirtualMachines/zulu-11.jdk/Contents/Home!/jdk.accessibility" type="simple" />
            <root url="jrt://C:/Users/Kalam_au/AppData/Local/JetBrains/Toolbox/apps/IDEA-U/ch-0/221.5921.22/jbr/bin/Library/Java/JavaVirtualMachines/zulu-11.jdk/Contents/Home!/jdk.attach" type="simple" />
            <root url="jrt://C:/Users/Kalam_au/AppData/Local/JetBrains/Toolbox/apps/IDEA-U/ch-0/221.5921.22/jbr/bin/Library/Java/JavaVirtualMachines/zulu-11.jdk/Contents/Home!/jdk.charsets" type="simple" />
            <root url="jrt://C:/Users/Kalam_au/AppData/Local/JetBrains/Toolbox/apps/IDEA-U/ch-0/221.5921.22/jbr/bin/Library/Java/JavaVirtualMachines/zulu-11.jdk/Contents/Home!/jdk.compiler" type="simple" />
            <root url="jrt://C:/Users/Kalam_au/AppData/Local/JetBrains/Toolbox/apps/IDEA-U/ch-0/221.5921.22/jbr/bin/Library/Java/JavaVirtualMachines/zulu-11.jdk/Contents/Home!/jdk.crypto.cryptoki" type="simple" />
            <root url="jrt://C:/Users/Kalam_au/AppData/Local/JetBrains/Toolbox/apps/IDEA-U/ch-0/221.5921.22/jbr/bin/Library/Java/JavaVirtualMachines/zulu-11.jdk/Contents/Home!/jdk.crypto.ec" type="simple" />
            <root url="jrt://C:/Users/Kalam_au/AppData/Local/JetBrains/Toolbox/apps/IDEA-U/ch-0/221.5921.22/jbr/bin/Library/Java/JavaVirtualMachines/zulu-11.jdk/Contents/Home!/jdk.dynalink" type="simple" />
            <root url="jrt://C:/Users/Kalam_au/AppData/Local/JetBrains/Toolbox/apps/IDEA-U/ch-0/221.5921.22/jbr/bin/Library/Java/JavaVirtualMachines/zulu-11.jdk/Contents/Home!/jdk.editpad" type="simple" />
            <root url="jrt://C:/Users/Kalam_au/AppData/Local/JetBrains/Toolbox/apps/IDEA-U/ch-0/221.5921.22/jbr/bin/Library/Java/JavaVirtualMachines/zulu-11.jdk/Contents/Home!/jdk.hotspot.agent" type="simple" />
            <root url="jrt://C:/Users/Kalam_au/AppData/Local/JetBrains/Toolbox/apps/IDEA-U/ch-0/221.5921.22/jbr/bin/Library/Java/JavaVirtualMachines/zulu-11.jdk/Contents/Home!/jdk.httpserver" type="simple" />
            <root url="jrt://C:/Users/Kalam_au/AppData/Local/JetBrains/Toolbox/apps/IDEA-U/ch-0/221.5921.22/jbr/bin/Library/Java/JavaVirtualMachines/zulu-11.jdk/Contents/Home!/jdk.internal.ed" type="simple" />
            <root url="jrt://C:/Users/Kalam_au/AppData/Local/JetBrains/Toolbox/apps/IDEA-U/ch-0/221.5921.22/jbr/bin/Library/Java/JavaVirtualMachines/zulu-11.jdk/Contents/Home!/jdk.internal.jvmstat" type="simple" />
            <root url="jrt://C:/Users/Kalam_au/AppData/Local/JetBrains/Toolbox/apps/IDEA-U/ch-0/221.5921.22/jbr/bin/Library/Java/JavaVirtualMachines/zulu-11.jdk/Contents/Home!/jdk.internal.le" type="simple" />
            <root url="jrt://C:/Users/Kalam_au/AppData/Local/JetBrains/Toolbox/apps/IDEA-U/ch-0/221.5921.22/jbr/bin/Library/Java/JavaVirtualMachines/zulu-11.jdk/Contents/Home!/jdk.internal.opt" type="simple" />
            <root url="jrt://C:/Users/Kalam_au/AppData/Local/JetBrains/Toolbox/apps/IDEA-U/ch-0/221.5921.22/jbr/bin/Library/Java/JavaVirtualMachines/zulu-11.jdk/Contents/Home!/jdk.internal.vm.ci" type="simple" />
            <root url="jrt://C:/Users/Kalam_au/AppData/Local/JetBrains/Toolbox/apps/IDEA-U/ch-0/221.5921.22/jbr/bin/Library/Java/JavaVirtualMachines/zulu-11.jdk/Contents/Home!/jdk.jartool" type="simple" />
            <root url="jrt://C:/Users/Kalam_au/AppData/Local/JetBrains/Toolbox/apps/IDEA-U/ch-0/221.5921.22/jbr/bin/Library/Java/JavaVirtualMachines/zulu-11.jdk/Contents/Home!/jdk.javadoc" type="simple" />
            <root url="jrt://C:/Users/Kalam_au/AppData/Local/JetBrains/Toolbox/apps/IDEA-U/ch-0/221.5921.22/jbr/bin/Library/Java/JavaVirtualMachines/zulu-11.jdk/Contents/Home!/jdk.jcmd" type="simple" />
            <root url="jrt://C:/Users/Kalam_au/AppData/Local/JetBrains/Toolbox/apps/IDEA-U/ch-0/221.5921.22/jbr/bin/Library/Java/JavaVirtualMachines/zulu-11.jdk/Contents/Home!/jdk.jconsole" type="simple" />
            <root url="jrt://C:/Users/Kalam_au/AppData/Local/JetBrains/Toolbox/apps/IDEA-U/ch-0/221.5921.22/jbr/bin/Library/Java/JavaVirtualMachines/zulu-11.jdk/Contents/Home!/jdk.jdeps" type="simple" />
            <root url="jrt://C:/Users/Kalam_au/AppData/Local/JetBrains/Toolbox/apps/IDEA-U/ch-0/221.5921.22/jbr/bin/Library/Java/JavaVirtualMachines/zulu-11.jdk/Contents/Home!/jdk.jdi" type="simple" />
            <root url="jrt://C:/Users/Kalam_au/AppData/Local/JetBrains/Toolbox/apps/IDEA-U/ch-0/221.5921.22/jbr/bin/Library/Java/JavaVirtualMachines/zulu-11.jdk/Contents/Home!/jdk.jdwp.agent" type="simple" />
            <root url="jrt://C:/Users/Kalam_au/AppData/Local/JetBrains/Toolbox/apps/IDEA-U/ch-0/221.5921.22/jbr/bin/Library/Java/JavaVirtualMachines/zulu-11.jdk/Contents/Home!/jdk.jfr" type="simple" />
            <root url="jrt://C:/Users/Kalam_au/AppData/Local/JetBrains/Toolbox/apps/IDEA-U/ch-0/221.5921.22/jbr/bin/Library/Java/JavaVirtualMachines/zulu-11.jdk/Contents/Home!/jdk.jlink" type="simple" />
            <root url="jrt://C:/Users/Kalam_au/AppData/Local/JetBrains/Toolbox/apps/IDEA-U/ch-0/221.5921.22/jbr/bin/Library/Java/JavaVirtualMachines/zulu-11.jdk/Contents/Home!/jdk.jshell" type="simple" />
            <root url="jrt://C:/Users/Kalam_au/AppData/Local/JetBrains/Toolbox/apps/IDEA-U/ch-0/221.5921.22/jbr/bin/Library/Java/JavaVirtualMachines/zulu-11.jdk/Contents/Home!/jdk.jsobject" type="simple" />
            <root url="jrt://C:/Users/Kalam_au/AppData/Local/JetBrains/Toolbox/apps/IDEA-U/ch-0/221.5921.22/jbr/bin/Library/Java/JavaVirtualMachines/zulu-11.jdk/Contents/Home!/jdk.jstatd" type="simple" />
            <root url="jrt://C:/Users/Kalam_au/AppData/Local/JetBrains/Toolbox/apps/IDEA-U/ch-0/221.5921.22/jbr/bin/Library/Java/JavaVirtualMachines/zulu-11.jdk/Contents/Home!/jdk.localedata" type="simple" />
            <root url="jrt://C:/Users/Kalam_au/AppData/Local/JetBrains/Toolbox/apps/IDEA-U/ch-0/221.5921.22/jbr/bin/Library/Java/JavaVirtualMachines/zulu-11.jdk/Contents/Home!/jdk.management" type="simple" />
            <root url="jrt://C:/Users/Kalam_au/AppData/Local/JetBrains/Toolbox/apps/IDEA-U/ch-0/221.5921.22/jbr/bin/Library/Java/JavaVirtualMachines/zulu-11.jdk/Contents/Home!/jdk.management.agent" type="simple" />
            <root url="jrt://C:/Users/Kalam_au/AppData/Local/JetBrains/Toolbox/apps/IDEA-U/ch-0/221.5921.22/jbr/bin/Library/Java/JavaVirtualMachines/zulu-11.jdk/Contents/Home!/jdk.management.jfr" type="simple" />
            <root url="jrt://C:/Users/Kalam_au/AppData/Local/JetBrains/Toolbox/apps/IDEA-U/ch-0/221.5921.22/jbr/bin/Library/Java/JavaVirtualMachines/zulu-11.jdk/Contents/Home!/jdk.naming.dns" type="simple" />
            <root url="jrt://C:/Users/Kalam_au/AppData/Local/JetBrains/Toolbox/apps/IDEA-U/ch-0/221.5921.22/jbr/bin/Library/Java/JavaVirtualMachines/zulu-11.jdk/Contents/Home!/jdk.naming.ldap" type="simple" />
            <root url="jrt://C:/Users/Kalam_au/AppData/Local/JetBrains/Toolbox/apps/IDEA-U/ch-0/221.5921.22/jbr/bin/Library/Java/JavaVirtualMachines/zulu-11.jdk/Contents/Home!/jdk.naming.rmi" type="simple" />
            <root url="jrt://C:/Users/Kalam_au/AppData/Local/JetBrains/Toolbox/apps/IDEA-U/ch-0/221.5921.22/jbr/bin/Library/Java/JavaVirtualMachines/zulu-11.jdk/Contents/Home!/jdk.net" type="simple" />
            <root url="jrt://C:/Users/Kalam_au/AppData/Local/JetBrains/Toolbox/apps/IDEA-U/ch-0/221.5921.22/jbr/bin/Library/Java/JavaVirtualMachines/zulu-11.jdk/Contents/Home!/jdk.pack" type="simple" />
            <root url="jrt://C:/Users/Kalam_au/AppData/Local/JetBrains/Toolbox/apps/IDEA-U/ch-0/221.5921.22/jbr/bin/Library/Java/JavaVirtualMachines/zulu-11.jdk/Contents/Home!/jdk.rmic" type="simple" />
            <root url="jrt://C:/Users/Kalam_au/AppData/Local/JetBrains/Toolbox/apps/IDEA-U/ch-0/221.5921.22/jbr/bin/Library/Java/JavaVirtualMachines/zulu-11.jdk/Contents/Home!/jdk.scripting.nashorn" type="simple" />
            <root url="jrt://C:/Users/Kalam_au/AppData/Local/JetBrains/Toolbox/apps/IDEA-U/ch-0/221.5921.22/jbr/bin/Library/Java/JavaVirtualMachines/zulu-11.jdk/Contents/Home!/jdk.scripting.nashorn.shell" type="simple" />
            <root url="jrt://C:/Users/Kalam_au/AppData/Local/JetBrains/Toolbox/apps/IDEA-U/ch-0/221.5921.22/jbr/bin/Library/Java/JavaVirtualMachines/zulu-11.jdk/Contents/Home!/jdk.sctp" type="simple" />
            <root url="jrt://C:/Users/Kalam_au/AppData/Local/JetBrains/Toolbox/apps/IDEA-U/ch-0/221.5921.22/jbr/bin/Library/Java/JavaVirtualMachines/zulu-11.jdk/Contents/Home!/jdk.security.auth" type="simple" />
            <root url="jrt://C:/Users/Kalam_au/AppData/Local/JetBrains/Toolbox/apps/IDEA-U/ch-0/221.5921.22/jbr/bin/Library/Java/JavaVirtualMachines/zulu-11.jdk/Contents/Home!/jdk.security.jgss" type="simple" />
            <root url="jrt://C:/Users/Kalam_au/AppData/Local/JetBrains/Toolbox/apps/IDEA-U/ch-0/221.5921.22/jbr/bin/Library/Java/JavaVirtualMachines/zulu-11.jdk/Contents/Home!/jdk.unsupported" type="simple" />
            <root url="jrt://C:/Users/Kalam_au/AppData/Local/JetBrains/Toolbox/apps/IDEA-U/ch-0/221.5921.22/jbr/bin/Library/Java/JavaVirtualMachines/zulu-11.jdk/Contents/Home!/jdk.unsupported.desktop" type="simple" />
            <root url="jrt://C:/Users/Kalam_au/AppData/Local/JetBrains/Toolbox/apps/IDEA-U/ch-0/221.5921.22/jbr/bin/Library/Java/JavaVirtualMachines/zulu-11.jdk/Contents/Home!/jdk.xml.dom" type="simple" />
            <root url="jrt://C:/Users/Kalam_au/AppData/Local/JetBrains/Toolbox/apps/IDEA-U/ch-0/221.5921.22/jbr/bin/Library/Java/JavaVirtualMachines/zulu-11.jdk/Contents/Home!/jdk.zipfs" type="simple" />
            <root url="jrt://C:/Users/Kalam_au/AppData/Local/JetBrains/Toolbox/apps/IDEA-U/ch-0/221.5921.22/jbr/bin/Library/Java/JavaVirtualMachines/zulu-11.jdk/Contents/Home!/org.openjsse" type="simple" />
          </root>
        </classPath>
        <javadocPath>
          <root type="composite" />
        </javadocPath>
        <sourcePath>
          <root type="composite">
            <root url="jar://$APPLICATION_HOME_DIR$/jbr/bin/Library/Java/JavaVirtualMachines/zulu-11.jdk/Contents/Home/lib/src.zip!/java.se" type="simple" />
            <root url="jar://$APPLICATION_HOME_DIR$/jbr/bin/Library/Java/JavaVirtualMachines/zulu-11.jdk/Contents/Home/lib/src.zip!/jdk.jdi" type="simple" />
            <root url="jar://$APPLICATION_HOME_DIR$/jbr/bin/Library/Java/JavaVirtualMachines/zulu-11.jdk/Contents/Home/lib/src.zip!/jdk.jfr" type="simple" />
            <root url="jar://$APPLICATION_HOME_DIR$/jbr/bin/Library/Java/JavaVirtualMachines/zulu-11.jdk/Contents/Home/lib/src.zip!/jdk.net" type="simple" />
            <root url="jar://$APPLICATION_HOME_DIR$/jbr/bin/Library/Java/JavaVirtualMachines/zulu-11.jdk/Contents/Home/lib/src.zip!/java.rmi" type="simple" />
            <root url="jar://$APPLICATION_HOME_DIR$/jbr/bin/Library/Java/JavaVirtualMachines/zulu-11.jdk/Contents/Home/lib/src.zip!/java.sql" type="simple" />
            <root url="jar://$APPLICATION_HOME_DIR$/jbr/bin/Library/Java/JavaVirtualMachines/zulu-11.jdk/Contents/Home/lib/src.zip!/java.xml" type="simple" />
            <root url="jar://$APPLICATION_HOME_DIR$/jbr/bin/Library/Java/JavaVirtualMachines/zulu-11.jdk/Contents/Home/lib/src.zip!/jdk.jcmd" type="simple" />
            <root url="jar://$APPLICATION_HOME_DIR$/jbr/bin/Library/Java/JavaVirtualMachines/zulu-11.jdk/Contents/Home/lib/src.zip!/jdk.pack" type="simple" />
            <root url="jar://$APPLICATION_HOME_DIR$/jbr/bin/Library/Java/JavaVirtualMachines/zulu-11.jdk/Contents/Home/lib/src.zip!/jdk.rmic" type="simple" />
            <root url="jar://$APPLICATION_HOME_DIR$/jbr/bin/Library/Java/JavaVirtualMachines/zulu-11.jdk/Contents/Home/lib/src.zip!/jdk.sctp" type="simple" />
            <root url="jar://$APPLICATION_HOME_DIR$/jbr/bin/Library/Java/JavaVirtualMachines/zulu-11.jdk/Contents/Home/lib/src.zip!/java.base" type="simple" />
            <root url="jar://$APPLICATION_HOME_DIR$/jbr/bin/Library/Java/JavaVirtualMachines/zulu-11.jdk/Contents/Home/lib/src.zip!/jdk.jdeps" type="simple" />
            <root url="jar://$APPLICATION_HOME_DIR$/jbr/bin/Library/Java/JavaVirtualMachines/zulu-11.jdk/Contents/Home/lib/src.zip!/jdk.jlink" type="simple" />
            <root url="jar://$APPLICATION_HOME_DIR$/jbr/bin/Library/Java/JavaVirtualMachines/zulu-11.jdk/Contents/Home/lib/src.zip!/jdk.zipfs" type="simple" />
            <root url="jar://$APPLICATION_HOME_DIR$/jbr/bin/Library/Java/JavaVirtualMachines/zulu-11.jdk/Contents/Home/lib/src.zip!/java.prefs" type="simple" />
            <root url="jar://$APPLICATION_HOME_DIR$/jbr/bin/Library/Java/JavaVirtualMachines/zulu-11.jdk/Contents/Home/lib/src.zip!/jdk.attach" type="simple" />
            <root url="jar://$APPLICATION_HOME_DIR$/jbr/bin/Library/Java/JavaVirtualMachines/zulu-11.jdk/Contents/Home/lib/src.zip!/jdk.jshell" type="simple" />
            <root url="jar://$APPLICATION_HOME_DIR$/jbr/bin/Library/Java/JavaVirtualMachines/zulu-11.jdk/Contents/Home/lib/src.zip!/jdk.jstatd" type="simple" />
            <root url="jar://$APPLICATION_HOME_DIR$/jbr/bin/Library/Java/JavaVirtualMachines/zulu-11.jdk/Contents/Home/lib/src.zip!/java.naming" type="simple" />
            <root url="jar://$APPLICATION_HOME_DIR$/jbr/bin/Library/Java/JavaVirtualMachines/zulu-11.jdk/Contents/Home/lib/src.zip!/jdk.editpad" type="simple" />
            <root url="jar://$APPLICATION_HOME_DIR$/jbr/bin/Library/Java/JavaVirtualMachines/zulu-11.jdk/Contents/Home/lib/src.zip!/jdk.jartool" type="simple" />
            <root url="jar://$APPLICATION_HOME_DIR$/jbr/bin/Library/Java/JavaVirtualMachines/zulu-11.jdk/Contents/Home/lib/src.zip!/jdk.javadoc" type="simple" />
            <root url="jar://$APPLICATION_HOME_DIR$/jbr/bin/Library/Java/JavaVirtualMachines/zulu-11.jdk/Contents/Home/lib/src.zip!/jdk.xml.dom" type="simple" />
            <root url="jar://$APPLICATION_HOME_DIR$/jbr/bin/Library/Java/JavaVirtualMachines/zulu-11.jdk/Contents/Home/lib/src.zip!/java.desktop" type="simple" />
            <root url="jar://$APPLICATION_HOME_DIR$/jbr/bin/Library/Java/JavaVirtualMachines/zulu-11.jdk/Contents/Home/lib/src.zip!/java.logging" type="simple" />
            <root url="jar://$APPLICATION_HOME_DIR$/jbr/bin/Library/Java/JavaVirtualMachines/zulu-11.jdk/Contents/Home/lib/src.zip!/jdk.charsets" type="simple" />
            <root url="jar://$APPLICATION_HOME_DIR$/jbr/bin/Library/Java/JavaVirtualMachines/zulu-11.jdk/Contents/Home/lib/src.zip!/jdk.compiler" type="simple" />
            <root url="jar://$APPLICATION_HOME_DIR$/jbr/bin/Library/Java/JavaVirtualMachines/zulu-11.jdk/Contents/Home/lib/src.zip!/jdk.dynalink" type="simple" />
            <root url="jar://$APPLICATION_HOME_DIR$/jbr/bin/Library/Java/JavaVirtualMachines/zulu-11.jdk/Contents/Home/lib/src.zip!/jdk.jconsole" type="simple" />
            <root url="jar://$APPLICATION_HOME_DIR$/jbr/bin/Library/Java/JavaVirtualMachines/zulu-11.jdk/Contents/Home/lib/src.zip!/jdk.jsobject" type="simple" />
            <root url="jar://$APPLICATION_HOME_DIR$/jbr/bin/Library/Java/JavaVirtualMachines/zulu-11.jdk/Contents/Home/lib/src.zip!/org.openjsse" type="simple" />
            <root url="jar://$APPLICATION_HOME_DIR$/jbr/bin/Library/Java/JavaVirtualMachines/zulu-11.jdk/Contents/Home/lib/src.zip!/java.compiler" type="simple" />
            <root url="jar://$APPLICATION_HOME_DIR$/jbr/bin/Library/Java/JavaVirtualMachines/zulu-11.jdk/Contents/Home/lib/src.zip!/java.net.http" type="simple" />
            <root url="jar://$APPLICATION_HOME_DIR$/jbr/bin/Library/Java/JavaVirtualMachines/zulu-11.jdk/Contents/Home/lib/src.zip!/jdk.crypto.ec" type="simple" />
            <root url="jar://$APPLICATION_HOME_DIR$/jbr/bin/Library/Java/JavaVirtualMachines/zulu-11.jdk/Contents/Home/lib/src.zip!/java.scripting" type="simple" />
            <root url="jar://$APPLICATION_HOME_DIR$/jbr/bin/Library/Java/JavaVirtualMachines/zulu-11.jdk/Contents/Home/lib/src.zip!/jdk.httpserver" type="simple" />
            <root url="jar://$APPLICATION_HOME_DIR$/jbr/bin/Library/Java/JavaVirtualMachines/zulu-11.jdk/Contents/Home/lib/src.zip!/jdk.jdwp.agent" type="simple" />
            <root url="jar://$APPLICATION_HOME_DIR$/jbr/bin/Library/Java/JavaVirtualMachines/zulu-11.jdk/Contents/Home/lib/src.zip!/jdk.localedata" type="simple" />
            <root url="jar://$APPLICATION_HOME_DIR$/jbr/bin/Library/Java/JavaVirtualMachines/zulu-11.jdk/Contents/Home/lib/src.zip!/jdk.management" type="simple" />
            <root url="jar://$APPLICATION_HOME_DIR$/jbr/bin/Library/Java/JavaVirtualMachines/zulu-11.jdk/Contents/Home/lib/src.zip!/jdk.naming.dns" type="simple" />
            <root url="jar://$APPLICATION_HOME_DIR$/jbr/bin/Library/Java/JavaVirtualMachines/zulu-11.jdk/Contents/Home/lib/src.zip!/jdk.naming.rmi" type="simple" />
            <root url="jar://$APPLICATION_HOME_DIR$/jbr/bin/Library/Java/JavaVirtualMachines/zulu-11.jdk/Contents/Home/lib/src.zip!/java.instrument" type="simple" />
            <root url="jar://$APPLICATION_HOME_DIR$/jbr/bin/Library/Java/JavaVirtualMachines/zulu-11.jdk/Contents/Home/lib/src.zip!/java.management" type="simple" />
            <root url="jar://$APPLICATION_HOME_DIR$/jbr/bin/Library/Java/JavaVirtualMachines/zulu-11.jdk/Contents/Home/lib/src.zip!/java.sql.rowset" type="simple" />
            <root url="jar://$APPLICATION_HOME_DIR$/jbr/bin/Library/Java/JavaVirtualMachines/zulu-11.jdk/Contents/Home/lib/src.zip!/java.xml.crypto" type="simple" />
            <root url="jar://$APPLICATION_HOME_DIR$/jbr/bin/Library/Java/JavaVirtualMachines/zulu-11.jdk/Contents/Home/lib/src.zip!/jdk.internal.ed" type="simple" />
            <root url="jar://$APPLICATION_HOME_DIR$/jbr/bin/Library/Java/JavaVirtualMachines/zulu-11.jdk/Contents/Home/lib/src.zip!/jdk.internal.le" type="simple" />
            <root url="jar://$APPLICATION_HOME_DIR$/jbr/bin/Library/Java/JavaVirtualMachines/zulu-11.jdk/Contents/Home/lib/src.zip!/jdk.naming.ldap" type="simple" />
            <root url="jar://$APPLICATION_HOME_DIR$/jbr/bin/Library/Java/JavaVirtualMachines/zulu-11.jdk/Contents/Home/lib/src.zip!/jdk.unsupported" type="simple" />
            <root url="jar://$APPLICATION_HOME_DIR$/jbr/bin/Library/Java/JavaVirtualMachines/zulu-11.jdk/Contents/Home/lib/src.zip!/java.smartcardio" type="simple" />
            <root url="jar://$APPLICATION_HOME_DIR$/jbr/bin/Library/Java/JavaVirtualMachines/zulu-11.jdk/Contents/Home/lib/src.zip!/jdk.internal.opt" type="simple" />
            <root url="jar://$APPLICATION_HOME_DIR$/jbr/bin/Library/Java/JavaVirtualMachines/zulu-11.jdk/Contents/Home/lib/src.zip!/java.datatransfer" type="simple" />
            <root url="jar://$APPLICATION_HOME_DIR$/jbr/bin/Library/Java/JavaVirtualMachines/zulu-11.jdk/Contents/Home/lib/src.zip!/jdk.accessibility" type="simple" />
            <root url="jar://$APPLICATION_HOME_DIR$/jbr/bin/Library/Java/JavaVirtualMachines/zulu-11.jdk/Contents/Home/lib/src.zip!/jdk.hotspot.agent" type="simple" />
            <root url="jar://$APPLICATION_HOME_DIR$/jbr/bin/Library/Java/JavaVirtualMachines/zulu-11.jdk/Contents/Home/lib/src.zip!/jdk.security.auth" type="simple" />
            <root url="jar://$APPLICATION_HOME_DIR$/jbr/bin/Library/Java/JavaVirtualMachines/zulu-11.jdk/Contents/Home/lib/src.zip!/jdk.security.jgss" type="simple" />
            <root url="jar://$APPLICATION_HOME_DIR$/jbr/bin/Library/Java/JavaVirtualMachines/zulu-11.jdk/Contents/Home/lib/src.zip!/java.security.jgss" type="simple" />
            <root url="jar://$APPLICATION_HOME_DIR$/jbr/bin/Library/Java/JavaVirtualMachines/zulu-11.jdk/Contents/Home/lib/src.zip!/java.security.sasl" type="simple" />
            <root url="jar://$APPLICATION_HOME_DIR$/jbr/bin/Library/Java/JavaVirtualMachines/zulu-11.jdk/Contents/Home/lib/src.zip!/jdk.internal.vm.ci" type="simple" />
            <root url="jar://$APPLICATION_HOME_DIR$/jbr/bin/Library/Java/JavaVirtualMachines/zulu-11.jdk/Contents/Home/lib/src.zip!/jdk.management.jfr" type="simple" />
            <root url="jar://$APPLICATION_HOME_DIR$/jbr/bin/Library/Java/JavaVirtualMachines/zulu-11.jdk/Contents/Home/lib/src.zip!/java.management.rmi" type="simple" />
            <root url="jar://$APPLICATION_HOME_DIR$/jbr/bin/Library/Java/JavaVirtualMachines/zulu-11.jdk/Contents/Home/lib/src.zip!/java.transaction.xa" type="simple" />
            <root url="jar://$APPLICATION_HOME_DIR$/jbr/bin/Library/Java/JavaVirtualMachines/zulu-11.jdk/Contents/Home/lib/src.zip!/jdk.crypto.cryptoki" type="simple" />
            <root url="jar://$APPLICATION_HOME_DIR$/jbr/bin/Library/Java/JavaVirtualMachines/zulu-11.jdk/Contents/Home/lib/src.zip!/jdk.internal.jvmstat" type="simple" />
            <root url="jar://$APPLICATION_HOME_DIR$/jbr/bin/Library/Java/JavaVirtualMachines/zulu-11.jdk/Contents/Home/lib/src.zip!/jdk.management.agent" type="simple" />
            <root url="jar://$APPLICATION_HOME_DIR$/jbr/bin/Library/Java/JavaVirtualMachines/zulu-11.jdk/Contents/Home/lib/src.zip!/jdk.scripting.nashorn" type="simple" />
            <root url="jar://$APPLICATION_HOME_DIR$/jbr/bin/Library/Java/JavaVirtualMachines/zulu-11.jdk/Contents/Home/lib/src.zip!/jdk.unsupported.desktop" type="simple" />
            <root url="jar://$APPLICATION_HOME_DIR$/jbr/bin/Library/Java/JavaVirtualMachines/zulu-11.jdk/Contents/Home/lib/src.zip!/jdk.scripting.nashorn.shell" type="simple" />
          </root>
        </sourcePath>
      </roots>
      <additional />
    </jdk>
    <jdk version="2">
      <name value="1.8" />
      <type value="JavaSDK" />
      <version value="version 1.8.0_275" />
      <homePath value="/Library/Java/JavaVirtualMachines/zulu-8.jdk/Contents/Home" />
      <roots>
        <annotationsPath>
          <root type="composite">
            <root url="jar://$APPLICATION_HOME_DIR$/plugins/java/lib/jdkAnnotations.jar!/" type="simple" />
          </root>
        </annotationsPath>
        <classPath>
          <root type="composite">
            <root url="jar://$APPLICATION_HOME_DIR$/jbr/bin/Library/Java/JavaVirtualMachines/zulu-8.jdk/Contents/Home/jre/lib/charsets.jar!/" type="simple" />
            <root url="jar://$APPLICATION_HOME_DIR$/jbr/bin/Library/Java/JavaVirtualMachines/zulu-8.jdk/Contents/Home/jre/lib/ext/cldrdata.jar!/" type="simple" />
            <root url="jar://$APPLICATION_HOME_DIR$/jbr/bin/Library/Java/JavaVirtualMachines/zulu-8.jdk/Contents/Home/jre/lib/ext/dnsns.jar!/" type="simple" />
            <root url="jar://$APPLICATION_HOME_DIR$/jbr/bin/Library/Java/JavaVirtualMachines/zulu-8.jdk/Contents/Home/jre/lib/ext/jaccess.jar!/" type="simple" />
            <root url="jar://$APPLICATION_HOME_DIR$/jbr/bin/Library/Java/JavaVirtualMachines/zulu-8.jdk/Contents/Home/jre/lib/ext/legacy8ujsse.jar!/" type="simple" />
            <root url="jar://$APPLICATION_HOME_DIR$/jbr/bin/Library/Java/JavaVirtualMachines/zulu-8.jdk/Contents/Home/jre/lib/ext/localedata.jar!/" type="simple" />
            <root url="jar://$APPLICATION_HOME_DIR$/jbr/bin/Library/Java/JavaVirtualMachines/zulu-8.jdk/Contents/Home/jre/lib/ext/nashorn.jar!/" type="simple" />
            <root url="jar://$APPLICATION_HOME_DIR$/jbr/bin/Library/Java/JavaVirtualMachines/zulu-8.jdk/Contents/Home/jre/lib/ext/openjsse.jar!/" type="simple" />
            <root url="jar://$APPLICATION_HOME_DIR$/jbr/bin/Library/Java/JavaVirtualMachines/zulu-8.jdk/Contents/Home/jre/lib/ext/sunec.jar!/" type="simple" />
            <root url="jar://$APPLICATION_HOME_DIR$/jbr/bin/Library/Java/JavaVirtualMachines/zulu-8.jdk/Contents/Home/jre/lib/ext/sunjce_provider.jar!/" type="simple" />
            <root url="jar://$APPLICATION_HOME_DIR$/jbr/bin/Library/Java/JavaVirtualMachines/zulu-8.jdk/Contents/Home/jre/lib/ext/sunpkcs11.jar!/" type="simple" />
            <root url="jar://$APPLICATION_HOME_DIR$/jbr/bin/Library/Java/JavaVirtualMachines/zulu-8.jdk/Contents/Home/jre/lib/ext/zipfs.jar!/" type="simple" />
            <root url="jar://$APPLICATION_HOME_DIR$/jbr/bin/Library/Java/JavaVirtualMachines/zulu-8.jdk/Contents/Home/jre/lib/jce.jar!/" type="simple" />
            <root url="jar://$APPLICATION_HOME_DIR$/jbr/bin/Library/Java/JavaVirtualMachines/zulu-8.jdk/Contents/Home/jre/lib/jfr.jar!/" type="simple" />
            <root url="jar://$APPLICATION_HOME_DIR$/jbr/bin/Library/Java/JavaVirtualMachines/zulu-8.jdk/Contents/Home/jre/lib/jsse.jar!/" type="simple" />
            <root url="jar://$APPLICATION_HOME_DIR$/jbr/bin/Library/Java/JavaVirtualMachines/zulu-8.jdk/Contents/Home/jre/lib/management-agent.jar!/" type="simple" />
            <root url="jar://$APPLICATION_HOME_DIR$/jbr/bin/Library/Java/JavaVirtualMachines/zulu-8.jdk/Contents/Home/jre/lib/resources.jar!/" type="simple" />
            <root url="jar://$APPLICATION_HOME_DIR$/jbr/bin/Library/Java/JavaVirtualMachines/zulu-8.jdk/Contents/Home/jre/lib/rt.jar!/" type="simple" />
            <root url="jar://$APPLICATION_HOME_DIR$/jbr/bin/Library/Java/JavaVirtualMachines/zulu-8.jdk/Contents/Home/lib/dt.jar!/" type="simple" />
            <root url="jar://$APPLICATION_HOME_DIR$/jbr/bin/Library/Java/JavaVirtualMachines/zulu-8.jdk/Contents/Home/lib/jconsole.jar!/" type="simple" />
            <root url="jar://$APPLICATION_HOME_DIR$/jbr/bin/Library/Java/JavaVirtualMachines/zulu-8.jdk/Contents/Home/lib/tools.jar!/" type="simple" />
          </root>
        </classPath>
        <javadocPath>
          <root type="composite" />
        </javadocPath>
        <sourcePath>
          <root type="composite">
            <root url="jar://$APPLICATION_HOME_DIR$/jbr/bin/Library/Java/JavaVirtualMachines/zulu-8.jdk/Contents/Home/src.zip!/" type="simple" />
          </root>
        </sourcePath>
      </roots>
      <additional />
    </jdk>
    <jdk version="2">
      <name value="openjdk-18" />
      <type value="JavaSDK" />
      <version value="java version &quot;18.0.1&quot;" />
      <homePath value="$USER_HOME$/.jdks/openjdk-18.0.1.1" />
      <roots>
        <annotationsPath>
          <root type="composite">
            <root url="jar://$APPLICATION_HOME_DIR$/plugins/java/lib/resources/jdkAnnotations.jar!/" type="simple" />
          </root>
        </annotationsPath>
        <classPath>
          <root type="composite">
            <root url="jrt://C:/Users/Kalam_au/.jdks/openjdk-18.0.1.1!/java.base" type="simple" />
            <root url="jrt://C:/Users/Kalam_au/.jdks/openjdk-18.0.1.1!/java.compiler" type="simple" />
            <root url="jrt://C:/Users/Kalam_au/.jdks/openjdk-18.0.1.1!/java.datatransfer" type="simple" />
            <root url="jrt://C:/Users/Kalam_au/.jdks/openjdk-18.0.1.1!/java.desktop" type="simple" />
            <root url="jrt://C:/Users/Kalam_au/.jdks/openjdk-18.0.1.1!/java.instrument" type="simple" />
            <root url="jrt://C:/Users/Kalam_au/.jdks/openjdk-18.0.1.1!/java.logging" type="simple" />
            <root url="jrt://C:/Users/Kalam_au/.jdks/openjdk-18.0.1.1!/java.management" type="simple" />
            <root url="jrt://C:/Users/Kalam_au/.jdks/openjdk-18.0.1.1!/java.management.rmi" type="simple" />
            <root url="jrt://C:/Users/Kalam_au/.jdks/openjdk-18.0.1.1!/java.naming" type="simple" />
            <root url="jrt://C:/Users/Kalam_au/.jdks/openjdk-18.0.1.1!/java.net.http" type="simple" />
            <root url="jrt://C:/Users/Kalam_au/.jdks/openjdk-18.0.1.1!/java.prefs" type="simple" />
            <root url="jrt://C:/Users/Kalam_au/.jdks/openjdk-18.0.1.1!/java.rmi" type="simple" />
            <root url="jrt://C:/Users/Kalam_au/.jdks/openjdk-18.0.1.1!/java.scripting" type="simple" />
            <root url="jrt://C:/Users/Kalam_au/.jdks/openjdk-18.0.1.1!/java.se" type="simple" />
            <root url="jrt://C:/Users/Kalam_au/.jdks/openjdk-18.0.1.1!/java.security.jgss" type="simple" />
            <root url="jrt://C:/Users/Kalam_au/.jdks/openjdk-18.0.1.1!/java.security.sasl" type="simple" />
            <root url="jrt://C:/Users/Kalam_au/.jdks/openjdk-18.0.1.1!/java.smartcardio" type="simple" />
            <root url="jrt://C:/Users/Kalam_au/.jdks/openjdk-18.0.1.1!/java.sql" type="simple" />
            <root url="jrt://C:/Users/Kalam_au/.jdks/openjdk-18.0.1.1!/java.sql.rowset" type="simple" />
            <root url="jrt://C:/Users/Kalam_au/.jdks/openjdk-18.0.1.1!/java.transaction.xa" type="simple" />
            <root url="jrt://C:/Users/Kalam_au/.jdks/openjdk-18.0.1.1!/java.xml" type="simple" />
            <root url="jrt://C:/Users/Kalam_au/.jdks/openjdk-18.0.1.1!/java.xml.crypto" type="simple" />
            <root url="jrt://C:/Users/Kalam_au/.jdks/openjdk-18.0.1.1!/jdk.accessibility" type="simple" />
            <root url="jrt://C:/Users/Kalam_au/.jdks/openjdk-18.0.1.1!/jdk.attach" type="simple" />
            <root url="jrt://C:/Users/Kalam_au/.jdks/openjdk-18.0.1.1!/jdk.charsets" type="simple" />
            <root url="jrt://C:/Users/Kalam_au/.jdks/openjdk-18.0.1.1!/jdk.compiler" type="simple" />
            <root url="jrt://C:/Users/Kalam_au/.jdks/openjdk-18.0.1.1!/jdk.crypto.cryptoki" type="simple" />
            <root url="jrt://C:/Users/Kalam_au/.jdks/openjdk-18.0.1.1!/jdk.crypto.ec" type="simple" />
            <root url="jrt://C:/Users/Kalam_au/.jdks/openjdk-18.0.1.1!/jdk.crypto.mscapi" type="simple" />
            <root url="jrt://C:/Users/Kalam_au/.jdks/openjdk-18.0.1.1!/jdk.dynalink" type="simple" />
            <root url="jrt://C:/Users/Kalam_au/.jdks/openjdk-18.0.1.1!/jdk.editpad" type="simple" />
            <root url="jrt://C:/Users/Kalam_au/.jdks/openjdk-18.0.1.1!/jdk.hotspot.agent" type="simple" />
            <root url="jrt://C:/Users/Kalam_au/.jdks/openjdk-18.0.1.1!/jdk.httpserver" type="simple" />
            <root url="jrt://C:/Users/Kalam_au/.jdks/openjdk-18.0.1.1!/jdk.incubator.foreign" type="simple" />
            <root url="jrt://C:/Users/Kalam_au/.jdks/openjdk-18.0.1.1!/jdk.incubator.vector" type="simple" />
            <root url="jrt://C:/Users/Kalam_au/.jdks/openjdk-18.0.1.1!/jdk.internal.ed" type="simple" />
            <root url="jrt://C:/Users/Kalam_au/.jdks/openjdk-18.0.1.1!/jdk.internal.jvmstat" type="simple" />
            <root url="jrt://C:/Users/Kalam_au/.jdks/openjdk-18.0.1.1!/jdk.internal.le" type="simple" />
            <root url="jrt://C:/Users/Kalam_au/.jdks/openjdk-18.0.1.1!/jdk.internal.opt" type="simple" />
            <root url="jrt://C:/Users/Kalam_au/.jdks/openjdk-18.0.1.1!/jdk.internal.vm.ci" type="simple" />
            <root url="jrt://C:/Users/Kalam_au/.jdks/openjdk-18.0.1.1!/jdk.internal.vm.compiler" type="simple" />
            <root url="jrt://C:/Users/Kalam_au/.jdks/openjdk-18.0.1.1!/jdk.internal.vm.compiler.management" type="simple" />
            <root url="jrt://C:/Users/Kalam_au/.jdks/openjdk-18.0.1.1!/jdk.jartool" type="simple" />
            <root url="jrt://C:/Users/Kalam_au/.jdks/openjdk-18.0.1.1!/jdk.javadoc" type="simple" />
            <root url="jrt://C:/Users/Kalam_au/.jdks/openjdk-18.0.1.1!/jdk.jcmd" type="simple" />
            <root url="jrt://C:/Users/Kalam_au/.jdks/openjdk-18.0.1.1!/jdk.jconsole" type="simple" />
            <root url="jrt://C:/Users/Kalam_au/.jdks/openjdk-18.0.1.1!/jdk.jdeps" type="simple" />
            <root url="jrt://C:/Users/Kalam_au/.jdks/openjdk-18.0.1.1!/jdk.jdi" type="simple" />
            <root url="jrt://C:/Users/Kalam_au/.jdks/openjdk-18.0.1.1!/jdk.jdwp.agent" type="simple" />
            <root url="jrt://C:/Users/Kalam_au/.jdks/openjdk-18.0.1.1!/jdk.jfr" type="simple" />
            <root url="jrt://C:/Users/Kalam_au/.jdks/openjdk-18.0.1.1!/jdk.jlink" type="simple" />
            <root url="jrt://C:/Users/Kalam_au/.jdks/openjdk-18.0.1.1!/jdk.jpackage" type="simple" />
            <root url="jrt://C:/Users/Kalam_au/.jdks/openjdk-18.0.1.1!/jdk.jshell" type="simple" />
            <root url="jrt://C:/Users/Kalam_au/.jdks/openjdk-18.0.1.1!/jdk.jsobject" type="simple" />
            <root url="jrt://C:/Users/Kalam_au/.jdks/openjdk-18.0.1.1!/jdk.jstatd" type="simple" />
            <root url="jrt://C:/Users/Kalam_au/.jdks/openjdk-18.0.1.1!/jdk.localedata" type="simple" />
            <root url="jrt://C:/Users/Kalam_au/.jdks/openjdk-18.0.1.1!/jdk.management" type="simple" />
            <root url="jrt://C:/Users/Kalam_au/.jdks/openjdk-18.0.1.1!/jdk.management.agent" type="simple" />
            <root url="jrt://C:/Users/Kalam_au/.jdks/openjdk-18.0.1.1!/jdk.management.jfr" type="simple" />
            <root url="jrt://C:/Users/Kalam_au/.jdks/openjdk-18.0.1.1!/jdk.naming.dns" type="simple" />
            <root url="jrt://C:/Users/Kalam_au/.jdks/openjdk-18.0.1.1!/jdk.naming.rmi" type="simple" />
            <root url="jrt://C:/Users/Kalam_au/.jdks/openjdk-18.0.1.1!/jdk.net" type="simple" />
            <root url="jrt://C:/Users/Kalam_au/.jdks/openjdk-18.0.1.1!/jdk.nio.mapmode" type="simple" />
            <root url="jrt://C:/Users/Kalam_au/.jdks/openjdk-18.0.1.1!/jdk.random" type="simple" />
            <root url="jrt://C:/Users/Kalam_au/.jdks/openjdk-18.0.1.1!/jdk.sctp" type="simple" />
            <root url="jrt://C:/Users/Kalam_au/.jdks/openjdk-18.0.1.1!/jdk.security.auth" type="simple" />
            <root url="jrt://C:/Users/Kalam_au/.jdks/openjdk-18.0.1.1!/jdk.security.jgss" type="simple" />
            <root url="jrt://C:/Users/Kalam_au/.jdks/openjdk-18.0.1.1!/jdk.unsupported" type="simple" />
            <root url="jrt://C:/Users/Kalam_au/.jdks/openjdk-18.0.1.1!/jdk.unsupported.desktop" type="simple" />
            <root url="jrt://C:/Users/Kalam_au/.jdks/openjdk-18.0.1.1!/jdk.xml.dom" type="simple" />
            <root url="jrt://C:/Users/Kalam_au/.jdks/openjdk-18.0.1.1!/jdk.zipfs" type="simple" />
          </root>
        </classPath>
        <javadocPath>
          <root type="composite" />
        </javadocPath>
        <sourcePath>
          <root type="composite">
            <root url="jar://$USER_HOME$/.jdks/openjdk-18.0.1.1/lib/src.zip!/java.se" type="simple" />
            <root url="jar://$USER_HOME$/.jdks/openjdk-18.0.1.1/lib/src.zip!/jdk.jdi" type="simple" />
            <root url="jar://$USER_HOME$/.jdks/openjdk-18.0.1.1/lib/src.zip!/jdk.jfr" type="simple" />
            <root url="jar://$USER_HOME$/.jdks/openjdk-18.0.1.1/lib/src.zip!/jdk.net" type="simple" />
            <root url="jar://$USER_HOME$/.jdks/openjdk-18.0.1.1/lib/src.zip!/java.rmi" type="simple" />
            <root url="jar://$USER_HOME$/.jdks/openjdk-18.0.1.1/lib/src.zip!/java.sql" type="simple" />
            <root url="jar://$USER_HOME$/.jdks/openjdk-18.0.1.1/lib/src.zip!/java.xml" type="simple" />
            <root url="jar://$USER_HOME$/.jdks/openjdk-18.0.1.1/lib/src.zip!/jdk.jcmd" type="simple" />
            <root url="jar://$USER_HOME$/.jdks/openjdk-18.0.1.1/lib/src.zip!/jdk.sctp" type="simple" />
            <root url="jar://$USER_HOME$/.jdks/openjdk-18.0.1.1/lib/src.zip!/java.base" type="simple" />
            <root url="jar://$USER_HOME$/.jdks/openjdk-18.0.1.1/lib/src.zip!/jdk.jdeps" type="simple" />
            <root url="jar://$USER_HOME$/.jdks/openjdk-18.0.1.1/lib/src.zip!/jdk.jlink" type="simple" />
            <root url="jar://$USER_HOME$/.jdks/openjdk-18.0.1.1/lib/src.zip!/jdk.zipfs" type="simple" />
            <root url="jar://$USER_HOME$/.jdks/openjdk-18.0.1.1/lib/src.zip!/java.prefs" type="simple" />
            <root url="jar://$USER_HOME$/.jdks/openjdk-18.0.1.1/lib/src.zip!/jdk.attach" type="simple" />
            <root url="jar://$USER_HOME$/.jdks/openjdk-18.0.1.1/lib/src.zip!/jdk.jshell" type="simple" />
            <root url="jar://$USER_HOME$/.jdks/openjdk-18.0.1.1/lib/src.zip!/jdk.jstatd" type="simple" />
            <root url="jar://$USER_HOME$/.jdks/openjdk-18.0.1.1/lib/src.zip!/jdk.random" type="simple" />
            <root url="jar://$USER_HOME$/.jdks/openjdk-18.0.1.1/lib/src.zip!/java.naming" type="simple" />
            <root url="jar://$USER_HOME$/.jdks/openjdk-18.0.1.1/lib/src.zip!/jdk.editpad" type="simple" />
            <root url="jar://$USER_HOME$/.jdks/openjdk-18.0.1.1/lib/src.zip!/jdk.jartool" type="simple" />
            <root url="jar://$USER_HOME$/.jdks/openjdk-18.0.1.1/lib/src.zip!/jdk.javadoc" type="simple" />
            <root url="jar://$USER_HOME$/.jdks/openjdk-18.0.1.1/lib/src.zip!/jdk.xml.dom" type="simple" />
            <root url="jar://$USER_HOME$/.jdks/openjdk-18.0.1.1/lib/src.zip!/java.desktop" type="simple" />
            <root url="jar://$USER_HOME$/.jdks/openjdk-18.0.1.1/lib/src.zip!/java.logging" type="simple" />
            <root url="jar://$USER_HOME$/.jdks/openjdk-18.0.1.1/lib/src.zip!/jdk.charsets" type="simple" />
            <root url="jar://$USER_HOME$/.jdks/openjdk-18.0.1.1/lib/src.zip!/jdk.compiler" type="simple" />
            <root url="jar://$USER_HOME$/.jdks/openjdk-18.0.1.1/lib/src.zip!/jdk.dynalink" type="simple" />
            <root url="jar://$USER_HOME$/.jdks/openjdk-18.0.1.1/lib/src.zip!/jdk.jconsole" type="simple" />
            <root url="jar://$USER_HOME$/.jdks/openjdk-18.0.1.1/lib/src.zip!/jdk.jpackage" type="simple" />
            <root url="jar://$USER_HOME$/.jdks/openjdk-18.0.1.1/lib/src.zip!/jdk.jsobject" type="simple" />
            <root url="jar://$USER_HOME$/.jdks/openjdk-18.0.1.1/lib/src.zip!/java.compiler" type="simple" />
            <root url="jar://$USER_HOME$/.jdks/openjdk-18.0.1.1/lib/src.zip!/java.net.http" type="simple" />
            <root url="jar://$USER_HOME$/.jdks/openjdk-18.0.1.1/lib/src.zip!/jdk.crypto.ec" type="simple" />
            <root url="jar://$USER_HOME$/.jdks/openjdk-18.0.1.1/lib/src.zip!/java.scripting" type="simple" />
            <root url="jar://$USER_HOME$/.jdks/openjdk-18.0.1.1/lib/src.zip!/jdk.httpserver" type="simple" />
            <root url="jar://$USER_HOME$/.jdks/openjdk-18.0.1.1/lib/src.zip!/jdk.jdwp.agent" type="simple" />
            <root url="jar://$USER_HOME$/.jdks/openjdk-18.0.1.1/lib/src.zip!/jdk.localedata" type="simple" />
            <root url="jar://$USER_HOME$/.jdks/openjdk-18.0.1.1/lib/src.zip!/jdk.management" type="simple" />
            <root url="jar://$USER_HOME$/.jdks/openjdk-18.0.1.1/lib/src.zip!/jdk.naming.dns" type="simple" />
            <root url="jar://$USER_HOME$/.jdks/openjdk-18.0.1.1/lib/src.zip!/jdk.naming.rmi" type="simple" />
            <root url="jar://$USER_HOME$/.jdks/openjdk-18.0.1.1/lib/src.zip!/java.instrument" type="simple" />
            <root url="jar://$USER_HOME$/.jdks/openjdk-18.0.1.1/lib/src.zip!/java.management" type="simple" />
            <root url="jar://$USER_HOME$/.jdks/openjdk-18.0.1.1/lib/src.zip!/java.sql.rowset" type="simple" />
            <root url="jar://$USER_HOME$/.jdks/openjdk-18.0.1.1/lib/src.zip!/java.xml.crypto" type="simple" />
            <root url="jar://$USER_HOME$/.jdks/openjdk-18.0.1.1/lib/src.zip!/jdk.internal.ed" type="simple" />
            <root url="jar://$USER_HOME$/.jdks/openjdk-18.0.1.1/lib/src.zip!/jdk.internal.le" type="simple" />
            <root url="jar://$USER_HOME$/.jdks/openjdk-18.0.1.1/lib/src.zip!/jdk.nio.mapmode" type="simple" />
            <root url="jar://$USER_HOME$/.jdks/openjdk-18.0.1.1/lib/src.zip!/jdk.unsupported" type="simple" />
            <root url="jar://$USER_HOME$/.jdks/openjdk-18.0.1.1/lib/src.zip!/java.smartcardio" type="simple" />
            <root url="jar://$USER_HOME$/.jdks/openjdk-18.0.1.1/lib/src.zip!/jdk.internal.opt" type="simple" />
            <root url="jar://$USER_HOME$/.jdks/openjdk-18.0.1.1/lib/src.zip!/java.datatransfer" type="simple" />
            <root url="jar://$USER_HOME$/.jdks/openjdk-18.0.1.1/lib/src.zip!/jdk.accessibility" type="simple" />
            <root url="jar://$USER_HOME$/.jdks/openjdk-18.0.1.1/lib/src.zip!/jdk.crypto.mscapi" type="simple" />
            <root url="jar://$USER_HOME$/.jdks/openjdk-18.0.1.1/lib/src.zip!/jdk.hotspot.agent" type="simple" />
            <root url="jar://$USER_HOME$/.jdks/openjdk-18.0.1.1/lib/src.zip!/jdk.security.auth" type="simple" />
            <root url="jar://$USER_HOME$/.jdks/openjdk-18.0.1.1/lib/src.zip!/jdk.security.jgss" type="simple" />
            <root url="jar://$USER_HOME$/.jdks/openjdk-18.0.1.1/lib/src.zip!/java.security.jgss" type="simple" />
            <root url="jar://$USER_HOME$/.jdks/openjdk-18.0.1.1/lib/src.zip!/java.security.sasl" type="simple" />
            <root url="jar://$USER_HOME$/.jdks/openjdk-18.0.1.1/lib/src.zip!/jdk.internal.vm.ci" type="simple" />
            <root url="jar://$USER_HOME$/.jdks/openjdk-18.0.1.1/lib/src.zip!/jdk.management.jfr" type="simple" />
            <root url="jar://$USER_HOME$/.jdks/openjdk-18.0.1.1/lib/src.zip!/java.management.rmi" type="simple" />
            <root url="jar://$USER_HOME$/.jdks/openjdk-18.0.1.1/lib/src.zip!/java.transaction.xa" type="simple" />
            <root url="jar://$USER_HOME$/.jdks/openjdk-18.0.1.1/lib/src.zip!/jdk.crypto.cryptoki" type="simple" />
            <root url="jar://$USER_HOME$/.jdks/openjdk-18.0.1.1/lib/src.zip!/jdk.incubator.vector" type="simple" />
            <root url="jar://$USER_HOME$/.jdks/openjdk-18.0.1.1/lib/src.zip!/jdk.internal.jvmstat" type="simple" />
            <root url="jar://$USER_HOME$/.jdks/openjdk-18.0.1.1/lib/src.zip!/jdk.management.agent" type="simple" />
            <root url="jar://$USER_HOME$/.jdks/openjdk-18.0.1.1/lib/src.zip!/jdk.incubator.foreign" type="simple" />
            <root url="jar://$USER_HOME$/.jdks/openjdk-18.0.1.1/lib/src.zip!/jdk.unsupported.desktop" type="simple" />
            <root url="jar://$USER_HOME$/.jdks/openjdk-18.0.1.1/lib/src.zip!/jdk.internal.vm.compiler" type="simple" />
            <root url="jar://$USER_HOME$/.jdks/openjdk-18.0.1.1/lib/src.zip!/jdk.internal.vm.compiler.management" type="simple" />
          </root>
        </sourcePath>
      </roots>
      <additional />
    </jdk>
    <jdk version="2">
      <name value="JavaSE-1.7" />
      <type value="JavaSDK" />
      <version value="GraalVM version 17.0.3" />
      <homePath value="$USER_HOME$/.jdks/graalvm-ce-17" />
      <roots>
        <annotationsPath>
          <root type="composite">
            <root url="jar://$APPLICATION_HOME_DIR$/plugins/java/lib/jdkAnnotations.jar!/" type="simple" />
            <root url="jar://$APPLICATION_HOME_DIR$/plugins/java/lib/resources/jdkAnnotations.jar!/" type="simple" />
          </root>
        </annotationsPath>
        <classPath>
          <root type="composite">
            <root url="jrt://C:/Users/Kalam_au/.jdks/graalvm-ce-17!/com.oracle.graal.graal_enterprise" type="simple" />
            <root url="jrt://C:/Users/Kalam_au/.jdks/graalvm-ce-17!/com.oracle.svm.svm_enterprise" type="simple" />
            <root url="jrt://C:/Users/Kalam_au/.jdks/graalvm-ce-17!/com.oracle.truffle.regex" type="simple" />
            <root url="jrt://C:/Users/Kalam_au/.jdks/graalvm-ce-17!/com.oracle.truffle.truffle_nfi" type="simple" />
            <root url="jrt://C:/Users/Kalam_au/.jdks/graalvm-ce-17!/com.oracle.truffle.truffle_nfi_libffi" type="simple" />
            <root url="jrt://C:/Users/Kalam_au/.jdks/graalvm-ce-17!/java.base" type="simple" />
            <root url="jrt://C:/Users/Kalam_au/.jdks/graalvm-ce-17!/java.compiler" type="simple" />
            <root url="jrt://C:/Users/Kalam_au/.jdks/graalvm-ce-17!/java.datatransfer" type="simple" />
            <root url="jrt://C:/Users/Kalam_au/.jdks/graalvm-ce-17!/java.desktop" type="simple" />
            <root url="jrt://C:/Users/Kalam_au/.jdks/graalvm-ce-17!/java.instrument" type="simple" />
            <root url="jrt://C:/Users/Kalam_au/.jdks/graalvm-ce-17!/java.logging" type="simple" />
            <root url="jrt://C:/Users/Kalam_au/.jdks/graalvm-ce-17!/java.management" type="simple" />
            <root url="jrt://C:/Users/Kalam_au/.jdks/graalvm-ce-17!/java.management.rmi" type="simple" />
            <root url="jrt://C:/Users/Kalam_au/.jdks/graalvm-ce-17!/java.naming" type="simple" />
            <root url="jrt://C:/Users/Kalam_au/.jdks/graalvm-ce-17!/java.net.http" type="simple" />
            <root url="jrt://C:/Users/Kalam_au/.jdks/graalvm-ce-17!/java.prefs" type="simple" />
            <root url="jrt://C:/Users/Kalam_au/.jdks/graalvm-ce-17!/java.rmi" type="simple" />
            <root url="jrt://C:/Users/Kalam_au/.jdks/graalvm-ce-17!/java.scripting" type="simple" />
            <root url="jrt://C:/Users/Kalam_au/.jdks/graalvm-ce-17!/java.se" type="simple" />
            <root url="jrt://C:/Users/Kalam_au/.jdks/graalvm-ce-17!/java.security.jgss" type="simple" />
            <root url="jrt://C:/Users/Kalam_au/.jdks/graalvm-ce-17!/java.security.sasl" type="simple" />
            <root url="jrt://C:/Users/Kalam_au/.jdks/graalvm-ce-17!/java.smartcardio" type="simple" />
            <root url="jrt://C:/Users/Kalam_au/.jdks/graalvm-ce-17!/java.sql" type="simple" />
            <root url="jrt://C:/Users/Kalam_au/.jdks/graalvm-ce-17!/java.sql.rowset" type="simple" />
            <root url="jrt://C:/Users/Kalam_au/.jdks/graalvm-ce-17!/java.transaction.xa" type="simple" />
            <root url="jrt://C:/Users/Kalam_au/.jdks/graalvm-ce-17!/java.xml" type="simple" />
            <root url="jrt://C:/Users/Kalam_au/.jdks/graalvm-ce-17!/java.xml.crypto" type="simple" />
            <root url="jrt://C:/Users/Kalam_au/.jdks/graalvm-ce-17!/jdk.accessibility" type="simple" />
            <root url="jrt://C:/Users/Kalam_au/.jdks/graalvm-ce-17!/jdk.attach" type="simple" />
            <root url="jrt://C:/Users/Kalam_au/.jdks/graalvm-ce-17!/jdk.charsets" type="simple" />
            <root url="jrt://C:/Users/Kalam_au/.jdks/graalvm-ce-17!/jdk.compiler" type="simple" />
            <root url="jrt://C:/Users/Kalam_au/.jdks/graalvm-ce-17!/jdk.crypto.cryptoki" type="simple" />
            <root url="jrt://C:/Users/Kalam_au/.jdks/graalvm-ce-17!/jdk.crypto.ec" type="simple" />
            <root url="jrt://C:/Users/Kalam_au/.jdks/graalvm-ce-17!/jdk.crypto.mscapi" type="simple" />
            <root url="jrt://C:/Users/Kalam_au/.jdks/graalvm-ce-17!/jdk.dynalink" type="simple" />
            <root url="jrt://C:/Users/Kalam_au/.jdks/graalvm-ce-17!/jdk.editpad" type="simple" />
            <root url="jrt://C:/Users/Kalam_au/.jdks/graalvm-ce-17!/jdk.hotspot.agent" type="simple" />
            <root url="jrt://C:/Users/Kalam_au/.jdks/graalvm-ce-17!/jdk.httpserver" type="simple" />
            <root url="jrt://C:/Users/Kalam_au/.jdks/graalvm-ce-17!/jdk.incubator.foreign" type="simple" />
            <root url="jrt://C:/Users/Kalam_au/.jdks/graalvm-ce-17!/jdk.incubator.vector" type="simple" />
            <root url="jrt://C:/Users/Kalam_au/.jdks/graalvm-ce-17!/jdk.internal.ed" type="simple" />
            <root url="jrt://C:/Users/Kalam_au/.jdks/graalvm-ce-17!/jdk.internal.jvmstat" type="simple" />
            <root url="jrt://C:/Users/Kalam_au/.jdks/graalvm-ce-17!/jdk.internal.le" type="simple" />
            <root url="jrt://C:/Users/Kalam_au/.jdks/graalvm-ce-17!/jdk.internal.opt" type="simple" />
            <root url="jrt://C:/Users/Kalam_au/.jdks/graalvm-ce-17!/jdk.internal.vm.ci" type="simple" />
            <root url="jrt://C:/Users/Kalam_au/.jdks/graalvm-ce-17!/jdk.internal.vm.compiler" type="simple" />
            <root url="jrt://C:/Users/Kalam_au/.jdks/graalvm-ce-17!/jdk.internal.vm.compiler.management" type="simple" />
            <root url="jrt://C:/Users/Kalam_au/.jdks/graalvm-ce-17!/jdk.internal.vm.compiler.truffle.jfr" type="simple" />
            <root url="jrt://C:/Users/Kalam_au/.jdks/graalvm-ce-17!/jdk.jartool" type="simple" />
            <root url="jrt://C:/Users/Kalam_au/.jdks/graalvm-ce-17!/jdk.javadoc" type="simple" />
            <root url="jrt://C:/Users/Kalam_au/.jdks/graalvm-ce-17!/jdk.jcmd" type="simple" />
            <root url="jrt://C:/Users/Kalam_au/.jdks/graalvm-ce-17!/jdk.jconsole" type="simple" />
            <root url="jrt://C:/Users/Kalam_au/.jdks/graalvm-ce-17!/jdk.jdeps" type="simple" />
            <root url="jrt://C:/Users/Kalam_au/.jdks/graalvm-ce-17!/jdk.jdi" type="simple" />
            <root url="jrt://C:/Users/Kalam_au/.jdks/graalvm-ce-17!/jdk.jdwp.agent" type="simple" />
            <root url="jrt://C:/Users/Kalam_au/.jdks/graalvm-ce-17!/jdk.jfr" type="simple" />
            <root url="jrt://C:/Users/Kalam_au/.jdks/graalvm-ce-17!/jdk.jlink" type="simple" />
            <root url="jrt://C:/Users/Kalam_au/.jdks/graalvm-ce-17!/jdk.jpackage" type="simple" />
            <root url="jrt://C:/Users/Kalam_au/.jdks/graalvm-ce-17!/jdk.jshell" type="simple" />
            <root url="jrt://C:/Users/Kalam_au/.jdks/graalvm-ce-17!/jdk.jsobject" type="simple" />
            <root url="jrt://C:/Users/Kalam_au/.jdks/graalvm-ce-17!/jdk.jstatd" type="simple" />
            <root url="jrt://C:/Users/Kalam_au/.jdks/graalvm-ce-17!/jdk.localedata" type="simple" />
            <root url="jrt://C:/Users/Kalam_au/.jdks/graalvm-ce-17!/jdk.management" type="simple" />
            <root url="jrt://C:/Users/Kalam_au/.jdks/graalvm-ce-17!/jdk.management.agent" type="simple" />
            <root url="jrt://C:/Users/Kalam_au/.jdks/graalvm-ce-17!/jdk.management.jfr" type="simple" />
            <root url="jrt://C:/Users/Kalam_au/.jdks/graalvm-ce-17!/jdk.naming.dns" type="simple" />
            <root url="jrt://C:/Users/Kalam_au/.jdks/graalvm-ce-17!/jdk.naming.rmi" type="simple" />
            <root url="jrt://C:/Users/Kalam_au/.jdks/graalvm-ce-17!/jdk.net" type="simple" />
            <root url="jrt://C:/Users/Kalam_au/.jdks/graalvm-ce-17!/jdk.nio.mapmode" type="simple" />
            <root url="jrt://C:/Users/Kalam_au/.jdks/graalvm-ce-17!/jdk.random" type="simple" />
            <root url="jrt://C:/Users/Kalam_au/.jdks/graalvm-ce-17!/jdk.sctp" type="simple" />
            <root url="jrt://C:/Users/Kalam_au/.jdks/graalvm-ce-17!/jdk.security.auth" type="simple" />
            <root url="jrt://C:/Users/Kalam_au/.jdks/graalvm-ce-17!/jdk.security.jgss" type="simple" />
            <root url="jrt://C:/Users/Kalam_au/.jdks/graalvm-ce-17!/jdk.unsupported" type="simple" />
            <root url="jrt://C:/Users/Kalam_au/.jdks/graalvm-ce-17!/jdk.unsupported.desktop" type="simple" />
            <root url="jrt://C:/Users/Kalam_au/.jdks/graalvm-ce-17!/jdk.xml.dom" type="simple" />
            <root url="jrt://C:/Users/Kalam_au/.jdks/graalvm-ce-17!/jdk.zipfs" type="simple" />
            <root url="jrt://C:/Users/Kalam_au/.jdks/graalvm-ce-17!/org.graalvm.js.scriptengine" type="simple" />
            <root url="jrt://C:/Users/Kalam_au/.jdks/graalvm-ce-17!/org.graalvm.locator" type="simple" />
            <root url="jrt://C:/Users/Kalam_au/.jdks/graalvm-ce-17!/org.graalvm.nativeimage.junitsupport" type="simple" />
            <root url="jrt://C:/Users/Kalam_au/.jdks/graalvm-ce-17!/org.graalvm.nativeimage.llvm" type="simple" />
            <root url="jrt://C:/Users/Kalam_au/.jdks/graalvm-ce-17!/org.graalvm.sdk" type="simple" />
            <root url="jrt://C:/Users/Kalam_au/.jdks/graalvm-ce-17!/org.graalvm.truffle" type="simple" />
            <root url="jar://$APPLICATION_HOME_DIR$/jbr/bin/Library/Java/JavaVirtualMachines/zulu-8.jdk/Contents/Home/jre/lib/charsets.jar!/" type="simple" />
            <root url="jar://$APPLICATION_HOME_DIR$/jbr/bin/Library/Java/JavaVirtualMachines/zulu-8.jdk/Contents/Home/jre/lib/ext/cldrdata.jar!/" type="simple" />
            <root url="jar://$APPLICATION_HOME_DIR$/jbr/bin/Library/Java/JavaVirtualMachines/zulu-8.jdk/Contents/Home/jre/lib/ext/dnsns.jar!/" type="simple" />
            <root url="jar://$APPLICATION_HOME_DIR$/jbr/bin/Library/Java/JavaVirtualMachines/zulu-8.jdk/Contents/Home/jre/lib/ext/jaccess.jar!/" type="simple" />
            <root url="jar://$APPLICATION_HOME_DIR$/jbr/bin/Library/Java/JavaVirtualMachines/zulu-8.jdk/Contents/Home/jre/lib/ext/legacy8ujsse.jar!/" type="simple" />
            <root url="jar://$APPLICATION_HOME_DIR$/jbr/bin/Library/Java/JavaVirtualMachines/zulu-8.jdk/Contents/Home/jre/lib/ext/localedata.jar!/" type="simple" />
            <root url="jar://$APPLICATION_HOME_DIR$/jbr/bin/Library/Java/JavaVirtualMachines/zulu-8.jdk/Contents/Home/jre/lib/ext/nashorn.jar!/" type="simple" />
            <root url="jar://$APPLICATION_HOME_DIR$/jbr/bin/Library/Java/JavaVirtualMachines/zulu-8.jdk/Contents/Home/jre/lib/ext/openjsse.jar!/" type="simple" />
            <root url="jar://$APPLICATION_HOME_DIR$/jbr/bin/Library/Java/JavaVirtualMachines/zulu-8.jdk/Contents/Home/jre/lib/ext/sunec.jar!/" type="simple" />
            <root url="jar://$APPLICATION_HOME_DIR$/jbr/bin/Library/Java/JavaVirtualMachines/zulu-8.jdk/Contents/Home/jre/lib/ext/sunjce_provider.jar!/" type="simple" />
            <root url="jar://$APPLICATION_HOME_DIR$/jbr/bin/Library/Java/JavaVirtualMachines/zulu-8.jdk/Contents/Home/jre/lib/ext/sunpkcs11.jar!/" type="simple" />
            <root url="jar://$APPLICATION_HOME_DIR$/jbr/bin/Library/Java/JavaVirtualMachines/zulu-8.jdk/Contents/Home/jre/lib/ext/zipfs.jar!/" type="simple" />
            <root url="jar://$APPLICATION_HOME_DIR$/jbr/bin/Library/Java/JavaVirtualMachines/zulu-8.jdk/Contents/Home/jre/lib/jce.jar!/" type="simple" />
            <root url="jar://$APPLICATION_HOME_DIR$/jbr/bin/Library/Java/JavaVirtualMachines/zulu-8.jdk/Contents/Home/jre/lib/jfr.jar!/" type="simple" />
            <root url="jar://$APPLICATION_HOME_DIR$/jbr/bin/Library/Java/JavaVirtualMachines/zulu-8.jdk/Contents/Home/jre/lib/jsse.jar!/" type="simple" />
            <root url="jar://$APPLICATION_HOME_DIR$/jbr/bin/Library/Java/JavaVirtualMachines/zulu-8.jdk/Contents/Home/jre/lib/management-agent.jar!/" type="simple" />
            <root url="jar://$APPLICATION_HOME_DIR$/jbr/bin/Library/Java/JavaVirtualMachines/zulu-8.jdk/Contents/Home/jre/lib/resources.jar!/" type="simple" />
            <root url="jar://$APPLICATION_HOME_DIR$/jbr/bin/Library/Java/JavaVirtualMachines/zulu-8.jdk/Contents/Home/jre/lib/rt.jar!/" type="simple" />
            <root url="jar://$APPLICATION_HOME_DIR$/jbr/bin/Library/Java/JavaVirtualMachines/zulu-8.jdk/Contents/Home/lib/dt.jar!/" type="simple" />
            <root url="jar://$APPLICATION_HOME_DIR$/jbr/bin/Library/Java/JavaVirtualMachines/zulu-8.jdk/Contents/Home/lib/jconsole.jar!/" type="simple" />
            <root url="jar://$APPLICATION_HOME_DIR$/jbr/bin/Library/Java/JavaVirtualMachines/zulu-8.jdk/Contents/Home/lib/tools.jar!/" type="simple" />
          </root>
        </classPath>
        <javadocPath>
          <root type="composite" />
        </javadocPath>
        <sourcePath>
          <root type="composite">
            <root url="jar://$APPLICATION_HOME_DIR$/jbr/bin/Library/Java/JavaVirtualMachines/zulu-8.jdk/Contents/Home/src.zip!/" type="simple" />
            <root url="jar://$USER_HOME$/.jdks/graalvm-ce-17/lib/src.zip!/java.se" type="simple" />
            <root url="jar://$USER_HOME$/.jdks/graalvm-ce-17/lib/src.zip!/jdk.jdi" type="simple" />
            <root url="jar://$USER_HOME$/.jdks/graalvm-ce-17/lib/src.zip!/jdk.jfr" type="simple" />
            <root url="jar://$USER_HOME$/.jdks/graalvm-ce-17/lib/src.zip!/jdk.net" type="simple" />
            <root url="jar://$USER_HOME$/.jdks/graalvm-ce-17/lib/src.zip!/java.rmi" type="simple" />
            <root url="jar://$USER_HOME$/.jdks/graalvm-ce-17/lib/src.zip!/java.sql" type="simple" />
            <root url="jar://$USER_HOME$/.jdks/graalvm-ce-17/lib/src.zip!/java.xml" type="simple" />
            <root url="jar://$USER_HOME$/.jdks/graalvm-ce-17/lib/src.zip!/jdk.jcmd" type="simple" />
            <root url="jar://$USER_HOME$/.jdks/graalvm-ce-17/lib/src.zip!/jdk.sctp" type="simple" />
            <root url="jar://$USER_HOME$/.jdks/graalvm-ce-17/lib/src.zip!/java.base" type="simple" />
            <root url="jar://$USER_HOME$/.jdks/graalvm-ce-17/lib/src.zip!/jdk.jdeps" type="simple" />
            <root url="jar://$USER_HOME$/.jdks/graalvm-ce-17/lib/src.zip!/jdk.jlink" type="simple" />
            <root url="jar://$USER_HOME$/.jdks/graalvm-ce-17/lib/src.zip!/jdk.zipfs" type="simple" />
            <root url="jar://$USER_HOME$/.jdks/graalvm-ce-17/lib/src.zip!/java.prefs" type="simple" />
            <root url="jar://$USER_HOME$/.jdks/graalvm-ce-17/lib/src.zip!/jdk.attach" type="simple" />
            <root url="jar://$USER_HOME$/.jdks/graalvm-ce-17/lib/src.zip!/jdk.jshell" type="simple" />
            <root url="jar://$USER_HOME$/.jdks/graalvm-ce-17/lib/src.zip!/jdk.jstatd" type="simple" />
            <root url="jar://$USER_HOME$/.jdks/graalvm-ce-17/lib/src.zip!/jdk.random" type="simple" />
            <root url="jar://$USER_HOME$/.jdks/graalvm-ce-17/lib/src.zip!/java.naming" type="simple" />
            <root url="jar://$USER_HOME$/.jdks/graalvm-ce-17/lib/src.zip!/jdk.editpad" type="simple" />
            <root url="jar://$USER_HOME$/.jdks/graalvm-ce-17/lib/src.zip!/jdk.jartool" type="simple" />
            <root url="jar://$USER_HOME$/.jdks/graalvm-ce-17/lib/src.zip!/jdk.javadoc" type="simple" />
            <root url="jar://$USER_HOME$/.jdks/graalvm-ce-17/lib/src.zip!/jdk.xml.dom" type="simple" />
            <root url="jar://$USER_HOME$/.jdks/graalvm-ce-17/lib/src.zip!/java.desktop" type="simple" />
            <root url="jar://$USER_HOME$/.jdks/graalvm-ce-17/lib/src.zip!/java.logging" type="simple" />
            <root url="jar://$USER_HOME$/.jdks/graalvm-ce-17/lib/src.zip!/jdk.charsets" type="simple" />
            <root url="jar://$USER_HOME$/.jdks/graalvm-ce-17/lib/src.zip!/jdk.compiler" type="simple" />
            <root url="jar://$USER_HOME$/.jdks/graalvm-ce-17/lib/src.zip!/jdk.dynalink" type="simple" />
            <root url="jar://$USER_HOME$/.jdks/graalvm-ce-17/lib/src.zip!/jdk.jconsole" type="simple" />
            <root url="jar://$USER_HOME$/.jdks/graalvm-ce-17/lib/src.zip!/jdk.jpackage" type="simple" />
            <root url="jar://$USER_HOME$/.jdks/graalvm-ce-17/lib/src.zip!/jdk.jsobject" type="simple" />
            <root url="jar://$USER_HOME$/.jdks/graalvm-ce-17/lib/src.zip!/java.compiler" type="simple" />
            <root url="jar://$USER_HOME$/.jdks/graalvm-ce-17/lib/src.zip!/java.net.http" type="simple" />
            <root url="jar://$USER_HOME$/.jdks/graalvm-ce-17/lib/src.zip!/jdk.crypto.ec" type="simple" />
            <root url="jar://$USER_HOME$/.jdks/graalvm-ce-17/lib/src.zip!/java.scripting" type="simple" />
            <root url="jar://$USER_HOME$/.jdks/graalvm-ce-17/lib/src.zip!/jdk.httpserver" type="simple" />
            <root url="jar://$USER_HOME$/.jdks/graalvm-ce-17/lib/src.zip!/jdk.jdwp.agent" type="simple" />
            <root url="jar://$USER_HOME$/.jdks/graalvm-ce-17/lib/src.zip!/jdk.localedata" type="simple" />
            <root url="jar://$USER_HOME$/.jdks/graalvm-ce-17/lib/src.zip!/jdk.management" type="simple" />
            <root url="jar://$USER_HOME$/.jdks/graalvm-ce-17/lib/src.zip!/jdk.naming.dns" type="simple" />
            <root url="jar://$USER_HOME$/.jdks/graalvm-ce-17/lib/src.zip!/jdk.naming.rmi" type="simple" />
            <root url="jar://$USER_HOME$/.jdks/graalvm-ce-17/lib/src.zip!/java.instrument" type="simple" />
            <root url="jar://$USER_HOME$/.jdks/graalvm-ce-17/lib/src.zip!/java.management" type="simple" />
            <root url="jar://$USER_HOME$/.jdks/graalvm-ce-17/lib/src.zip!/java.sql.rowset" type="simple" />
            <root url="jar://$USER_HOME$/.jdks/graalvm-ce-17/lib/src.zip!/java.xml.crypto" type="simple" />
            <root url="jar://$USER_HOME$/.jdks/graalvm-ce-17/lib/src.zip!/jdk.internal.ed" type="simple" />
            <root url="jar://$USER_HOME$/.jdks/graalvm-ce-17/lib/src.zip!/jdk.internal.le" type="simple" />
            <root url="jar://$USER_HOME$/.jdks/graalvm-ce-17/lib/src.zip!/jdk.nio.mapmode" type="simple" />
            <root url="jar://$USER_HOME$/.jdks/graalvm-ce-17/lib/src.zip!/jdk.unsupported" type="simple" />
            <root url="jar://$USER_HOME$/.jdks/graalvm-ce-17/lib/src.zip!/org.graalvm.sdk" type="simple" />
            <root url="jar://$USER_HOME$/.jdks/graalvm-ce-17/lib/src.zip!/java.smartcardio" type="simple" />
            <root url="jar://$USER_HOME$/.jdks/graalvm-ce-17/lib/src.zip!/jdk.internal.opt" type="simple" />
            <root url="jar://$USER_HOME$/.jdks/graalvm-ce-17/lib/src.zip!/java.datatransfer" type="simple" />
            <root url="jar://$USER_HOME$/.jdks/graalvm-ce-17/lib/src.zip!/jdk.accessibility" type="simple" />
            <root url="jar://$USER_HOME$/.jdks/graalvm-ce-17/lib/src.zip!/jdk.crypto.mscapi" type="simple" />
            <root url="jar://$USER_HOME$/.jdks/graalvm-ce-17/lib/src.zip!/jdk.hotspot.agent" type="simple" />
            <root url="jar://$USER_HOME$/.jdks/graalvm-ce-17/lib/src.zip!/jdk.security.auth" type="simple" />
            <root url="jar://$USER_HOME$/.jdks/graalvm-ce-17/lib/src.zip!/jdk.security.jgss" type="simple" />
            <root url="jar://$USER_HOME$/.jdks/graalvm-ce-17/lib/src.zip!/java.security.jgss" type="simple" />
            <root url="jar://$USER_HOME$/.jdks/graalvm-ce-17/lib/src.zip!/java.security.sasl" type="simple" />
            <root url="jar://$USER_HOME$/.jdks/graalvm-ce-17/lib/src.zip!/jdk.internal.vm.ci" type="simple" />
            <root url="jar://$USER_HOME$/.jdks/graalvm-ce-17/lib/src.zip!/jdk.management.jfr" type="simple" />
            <root url="jar://$USER_HOME$/.jdks/graalvm-ce-17/lib/src.zip!/java.management.rmi" type="simple" />
            <root url="jar://$USER_HOME$/.jdks/graalvm-ce-17/lib/src.zip!/java.transaction.xa" type="simple" />
            <root url="jar://$USER_HOME$/.jdks/graalvm-ce-17/lib/src.zip!/jdk.crypto.cryptoki" type="simple" />
            <root url="jar://$USER_HOME$/.jdks/graalvm-ce-17/lib/src.zip!/org.graalvm.locator" type="simple" />
            <root url="jar://$USER_HOME$/.jdks/graalvm-ce-17/lib/src.zip!/org.graalvm.truffle" type="simple" />
            <root url="jar://$USER_HOME$/.jdks/graalvm-ce-17/lib/src.zip!/jdk.incubator.vector" type="simple" />
            <root url="jar://$USER_HOME$/.jdks/graalvm-ce-17/lib/src.zip!/jdk.internal.jvmstat" type="simple" />
            <root url="jar://$USER_HOME$/.jdks/graalvm-ce-17/lib/src.zip!/jdk.management.agent" type="simple" />
            <root url="jar://$USER_HOME$/.jdks/graalvm-ce-17/lib/src.zip!/jdk.incubator.foreign" type="simple" />
            <root url="jar://$USER_HOME$/.jdks/graalvm-ce-17/lib/src.zip!/jdk.unsupported.desktop" type="simple" />
            <root url="jar://$USER_HOME$/.jdks/graalvm-ce-17/lib/src.zip!/com.oracle.truffle.regex" type="simple" />
            <root url="jar://$USER_HOME$/.jdks/graalvm-ce-17/lib/src.zip!/jdk.internal.vm.compiler" type="simple" />
            <root url="jar://$USER_HOME$/.jdks/graalvm-ce-17/lib/src.zip!/org.graalvm.js.scriptengine" type="simple" />
            <root url="jar://$USER_HOME$/.jdks/graalvm-ce-17/lib/src.zip!/org.graalvm.nativeimage.llvm" type="simple" />
            <root url="jar://$USER_HOME$/.jdks/graalvm-ce-17/lib/src.zip!/com.oracle.svm.svm_enterprise" type="simple" />
            <root url="jar://$USER_HOME$/.jdks/graalvm-ce-17/lib/src.zip!/com.oracle.truffle.truffle_nfi" type="simple" />
            <root url="jar://$USER_HOME$/.jdks/graalvm-ce-17/lib/src.zip!/com.oracle.graal.graal_enterprise" type="simple" />
            <root url="jar://$USER_HOME$/.jdks/graalvm-ce-17/lib/src.zip!/jdk.internal.vm.compiler.management" type="simple" />
            <root url="jar://$USER_HOME$/.jdks/graalvm-ce-17/lib/src.zip!/jdk.internal.vm.compiler.truffle.jfr" type="simple" />
            <root url="jar://$USER_HOME$/.jdks/graalvm-ce-17/lib/src.zip!/org.graalvm.nativeimage.junitsupport" type="simple" />
            <root url="jar://$USER_HOME$/.jdks/graalvm-ce-17/lib/src.zip!/com.oracle.truffle.truffle_nfi_libffi" type="simple" />
          </root>
        </sourcePath>
      </roots>
      <additional />
    </jdk>
    <jdk version="2">
      <name value="graalvm-ce-17" />
      <type value="JavaSDK" />
      <version value="GraalVM version 17.0.3" />
      <homePath value="$USER_HOME$/.jdks/graalvm-ce-17" />
      <roots>
        <annotationsPath>
          <root type="composite">
            <root url="jar://$APPLICATION_HOME_DIR$/plugins/java/lib/resources/jdkAnnotations.jar!/" type="simple" />
          </root>
        </annotationsPath>
        <classPath>
          <root type="composite">
            <root url="jrt://C:/Users/Kalam_au/.jdks/graalvm-ce-17!/com.oracle.graal.graal_enterprise" type="simple" />
            <root url="jrt://C:/Users/Kalam_au/.jdks/graalvm-ce-17!/com.oracle.svm.svm_enterprise" type="simple" />
            <root url="jrt://C:/Users/Kalam_au/.jdks/graalvm-ce-17!/com.oracle.truffle.regex" type="simple" />
            <root url="jrt://C:/Users/Kalam_au/.jdks/graalvm-ce-17!/com.oracle.truffle.truffle_nfi" type="simple" />
            <root url="jrt://C:/Users/Kalam_au/.jdks/graalvm-ce-17!/com.oracle.truffle.truffle_nfi_libffi" type="simple" />
            <root url="jrt://C:/Users/Kalam_au/.jdks/graalvm-ce-17!/java.base" type="simple" />
            <root url="jrt://C:/Users/Kalam_au/.jdks/graalvm-ce-17!/java.compiler" type="simple" />
            <root url="jrt://C:/Users/Kalam_au/.jdks/graalvm-ce-17!/java.datatransfer" type="simple" />
            <root url="jrt://C:/Users/Kalam_au/.jdks/graalvm-ce-17!/java.desktop" type="simple" />
            <root url="jrt://C:/Users/Kalam_au/.jdks/graalvm-ce-17!/java.instrument" type="simple" />
            <root url="jrt://C:/Users/Kalam_au/.jdks/graalvm-ce-17!/java.logging" type="simple" />
            <root url="jrt://C:/Users/Kalam_au/.jdks/graalvm-ce-17!/java.management" type="simple" />
            <root url="jrt://C:/Users/Kalam_au/.jdks/graalvm-ce-17!/java.management.rmi" type="simple" />
            <root url="jrt://C:/Users/Kalam_au/.jdks/graalvm-ce-17!/java.naming" type="simple" />
            <root url="jrt://C:/Users/Kalam_au/.jdks/graalvm-ce-17!/java.net.http" type="simple" />
            <root url="jrt://C:/Users/Kalam_au/.jdks/graalvm-ce-17!/java.prefs" type="simple" />
            <root url="jrt://C:/Users/Kalam_au/.jdks/graalvm-ce-17!/java.rmi" type="simple" />
            <root url="jrt://C:/Users/Kalam_au/.jdks/graalvm-ce-17!/java.scripting" type="simple" />
            <root url="jrt://C:/Users/Kalam_au/.jdks/graalvm-ce-17!/java.se" type="simple" />
            <root url="jrt://C:/Users/Kalam_au/.jdks/graalvm-ce-17!/java.security.jgss" type="simple" />
            <root url="jrt://C:/Users/Kalam_au/.jdks/graalvm-ce-17!/java.security.sasl" type="simple" />
            <root url="jrt://C:/Users/Kalam_au/.jdks/graalvm-ce-17!/java.smartcardio" type="simple" />
            <root url="jrt://C:/Users/Kalam_au/.jdks/graalvm-ce-17!/java.sql" type="simple" />
            <root url="jrt://C:/Users/Kalam_au/.jdks/graalvm-ce-17!/java.sql.rowset" type="simple" />
            <root url="jrt://C:/Users/Kalam_au/.jdks/graalvm-ce-17!/java.transaction.xa" type="simple" />
            <root url="jrt://C:/Users/Kalam_au/.jdks/graalvm-ce-17!/java.xml" type="simple" />
            <root url="jrt://C:/Users/Kalam_au/.jdks/graalvm-ce-17!/java.xml.crypto" type="simple" />
            <root url="jrt://C:/Users/Kalam_au/.jdks/graalvm-ce-17!/jdk.accessibility" type="simple" />
            <root url="jrt://C:/Users/Kalam_au/.jdks/graalvm-ce-17!/jdk.attach" type="simple" />
            <root url="jrt://C:/Users/Kalam_au/.jdks/graalvm-ce-17!/jdk.charsets" type="simple" />
            <root url="jrt://C:/Users/Kalam_au/.jdks/graalvm-ce-17!/jdk.compiler" type="simple" />
            <root url="jrt://C:/Users/Kalam_au/.jdks/graalvm-ce-17!/jdk.crypto.cryptoki" type="simple" />
            <root url="jrt://C:/Users/Kalam_au/.jdks/graalvm-ce-17!/jdk.crypto.ec" type="simple" />
            <root url="jrt://C:/Users/Kalam_au/.jdks/graalvm-ce-17!/jdk.crypto.mscapi" type="simple" />
            <root url="jrt://C:/Users/Kalam_au/.jdks/graalvm-ce-17!/jdk.dynalink" type="simple" />
            <root url="jrt://C:/Users/Kalam_au/.jdks/graalvm-ce-17!/jdk.editpad" type="simple" />
            <root url="jrt://C:/Users/Kalam_au/.jdks/graalvm-ce-17!/jdk.hotspot.agent" type="simple" />
            <root url="jrt://C:/Users/Kalam_au/.jdks/graalvm-ce-17!/jdk.httpserver" type="simple" />
            <root url="jrt://C:/Users/Kalam_au/.jdks/graalvm-ce-17!/jdk.incubator.foreign" type="simple" />
            <root url="jrt://C:/Users/Kalam_au/.jdks/graalvm-ce-17!/jdk.incubator.vector" type="simple" />
            <root url="jrt://C:/Users/Kalam_au/.jdks/graalvm-ce-17!/jdk.internal.ed" type="simple" />
            <root url="jrt://C:/Users/Kalam_au/.jdks/graalvm-ce-17!/jdk.internal.jvmstat" type="simple" />
            <root url="jrt://C:/Users/Kalam_au/.jdks/graalvm-ce-17!/jdk.internal.le" type="simple" />
            <root url="jrt://C:/Users/Kalam_au/.jdks/graalvm-ce-17!/jdk.internal.opt" type="simple" />
            <root url="jrt://C:/Users/Kalam_au/.jdks/graalvm-ce-17!/jdk.internal.vm.ci" type="simple" />
            <root url="jrt://C:/Users/Kalam_au/.jdks/graalvm-ce-17!/jdk.internal.vm.compiler" type="simple" />
            <root url="jrt://C:/Users/Kalam_au/.jdks/graalvm-ce-17!/jdk.internal.vm.compiler.management" type="simple" />
            <root url="jrt://C:/Users/Kalam_au/.jdks/graalvm-ce-17!/jdk.internal.vm.compiler.truffle.jfr" type="simple" />
            <root url="jrt://C:/Users/Kalam_au/.jdks/graalvm-ce-17!/jdk.jartool" type="simple" />
            <root url="jrt://C:/Users/Kalam_au/.jdks/graalvm-ce-17!/jdk.javadoc" type="simple" />
            <root url="jrt://C:/Users/Kalam_au/.jdks/graalvm-ce-17!/jdk.jcmd" type="simple" />
            <root url="jrt://C:/Users/Kalam_au/.jdks/graalvm-ce-17!/jdk.jconsole" type="simple" />
            <root url="jrt://C:/Users/Kalam_au/.jdks/graalvm-ce-17!/jdk.jdeps" type="simple" />
            <root url="jrt://C:/Users/Kalam_au/.jdks/graalvm-ce-17!/jdk.jdi" type="simple" />
            <root url="jrt://C:/Users/Kalam_au/.jdks/graalvm-ce-17!/jdk.jdwp.agent" type="simple" />
            <root url="jrt://C:/Users/Kalam_au/.jdks/graalvm-ce-17!/jdk.jfr" type="simple" />
            <root url="jrt://C:/Users/Kalam_au/.jdks/graalvm-ce-17!/jdk.jlink" type="simple" />
            <root url="jrt://C:/Users/Kalam_au/.jdks/graalvm-ce-17!/jdk.jpackage" type="simple" />
            <root url="jrt://C:/Users/Kalam_au/.jdks/graalvm-ce-17!/jdk.jshell" type="simple" />
            <root url="jrt://C:/Users/Kalam_au/.jdks/graalvm-ce-17!/jdk.jsobject" type="simple" />
            <root url="jrt://C:/Users/Kalam_au/.jdks/graalvm-ce-17!/jdk.jstatd" type="simple" />
            <root url="jrt://C:/Users/Kalam_au/.jdks/graalvm-ce-17!/jdk.localedata" type="simple" />
            <root url="jrt://C:/Users/Kalam_au/.jdks/graalvm-ce-17!/jdk.management" type="simple" />
            <root url="jrt://C:/Users/Kalam_au/.jdks/graalvm-ce-17!/jdk.management.agent" type="simple" />
            <root url="jrt://C:/Users/Kalam_au/.jdks/graalvm-ce-17!/jdk.management.jfr" type="simple" />
            <root url="jrt://C:/Users/Kalam_au/.jdks/graalvm-ce-17!/jdk.naming.dns" type="simple" />
            <root url="jrt://C:/Users/Kalam_au/.jdks/graalvm-ce-17!/jdk.naming.rmi" type="simple" />
            <root url="jrt://C:/Users/Kalam_au/.jdks/graalvm-ce-17!/jdk.net" type="simple" />
            <root url="jrt://C:/Users/Kalam_au/.jdks/graalvm-ce-17!/jdk.nio.mapmode" type="simple" />
            <root url="jrt://C:/Users/Kalam_au/.jdks/graalvm-ce-17!/jdk.random" type="simple" />
            <root url="jrt://C:/Users/Kalam_au/.jdks/graalvm-ce-17!/jdk.sctp" type="simple" />
            <root url="jrt://C:/Users/Kalam_au/.jdks/graalvm-ce-17!/jdk.security.auth" type="simple" />
            <root url="jrt://C:/Users/Kalam_au/.jdks/graalvm-ce-17!/jdk.security.jgss" type="simple" />
            <root url="jrt://C:/Users/Kalam_au/.jdks/graalvm-ce-17!/jdk.unsupported" type="simple" />
            <root url="jrt://C:/Users/Kalam_au/.jdks/graalvm-ce-17!/jdk.unsupported.desktop" type="simple" />
            <root url="jrt://C:/Users/Kalam_au/.jdks/graalvm-ce-17!/jdk.xml.dom" type="simple" />
            <root url="jrt://C:/Users/Kalam_au/.jdks/graalvm-ce-17!/jdk.zipfs" type="simple" />
            <root url="jrt://C:/Users/Kalam_au/.jdks/graalvm-ce-17!/org.graalvm.js.scriptengine" type="simple" />
            <root url="jrt://C:/Users/Kalam_au/.jdks/graalvm-ce-17!/org.graalvm.locator" type="simple" />
            <root url="jrt://C:/Users/Kalam_au/.jdks/graalvm-ce-17!/org.graalvm.nativeimage.junitsupport" type="simple" />
            <root url="jrt://C:/Users/Kalam_au/.jdks/graalvm-ce-17!/org.graalvm.nativeimage.llvm" type="simple" />
            <root url="jrt://C:/Users/Kalam_au/.jdks/graalvm-ce-17!/org.graalvm.sdk" type="simple" />
            <root url="jrt://C:/Users/Kalam_au/.jdks/graalvm-ce-17!/org.graalvm.truffle" type="simple" />
          </root>
        </classPath>
        <javadocPath>
          <root type="composite" />
        </javadocPath>
        <sourcePath>
          <root type="composite">
            <root url="jar://$USER_HOME$/.jdks/graalvm-ce-17/lib/src.zip!/java.se" type="simple" />
            <root url="jar://$USER_HOME$/.jdks/graalvm-ce-17/lib/src.zip!/jdk.jdi" type="simple" />
            <root url="jar://$USER_HOME$/.jdks/graalvm-ce-17/lib/src.zip!/jdk.jfr" type="simple" />
            <root url="jar://$USER_HOME$/.jdks/graalvm-ce-17/lib/src.zip!/jdk.net" type="simple" />
            <root url="jar://$USER_HOME$/.jdks/graalvm-ce-17/lib/src.zip!/java.rmi" type="simple" />
            <root url="jar://$USER_HOME$/.jdks/graalvm-ce-17/lib/src.zip!/java.sql" type="simple" />
            <root url="jar://$USER_HOME$/.jdks/graalvm-ce-17/lib/src.zip!/java.xml" type="simple" />
            <root url="jar://$USER_HOME$/.jdks/graalvm-ce-17/lib/src.zip!/jdk.jcmd" type="simple" />
            <root url="jar://$USER_HOME$/.jdks/graalvm-ce-17/lib/src.zip!/jdk.sctp" type="simple" />
            <root url="jar://$USER_HOME$/.jdks/graalvm-ce-17/lib/src.zip!/java.base" type="simple" />
            <root url="jar://$USER_HOME$/.jdks/graalvm-ce-17/lib/src.zip!/jdk.jdeps" type="simple" />
            <root url="jar://$USER_HOME$/.jdks/graalvm-ce-17/lib/src.zip!/jdk.jlink" type="simple" />
            <root url="jar://$USER_HOME$/.jdks/graalvm-ce-17/lib/src.zip!/jdk.zipfs" type="simple" />
            <root url="jar://$USER_HOME$/.jdks/graalvm-ce-17/lib/src.zip!/java.prefs" type="simple" />
            <root url="jar://$USER_HOME$/.jdks/graalvm-ce-17/lib/src.zip!/jdk.attach" type="simple" />
            <root url="jar://$USER_HOME$/.jdks/graalvm-ce-17/lib/src.zip!/jdk.jshell" type="simple" />
            <root url="jar://$USER_HOME$/.jdks/graalvm-ce-17/lib/src.zip!/jdk.jstatd" type="simple" />
            <root url="jar://$USER_HOME$/.jdks/graalvm-ce-17/lib/src.zip!/jdk.random" type="simple" />
            <root url="jar://$USER_HOME$/.jdks/graalvm-ce-17/lib/src.zip!/java.naming" type="simple" />
            <root url="jar://$USER_HOME$/.jdks/graalvm-ce-17/lib/src.zip!/jdk.editpad" type="simple" />
            <root url="jar://$USER_HOME$/.jdks/graalvm-ce-17/lib/src.zip!/jdk.jartool" type="simple" />
            <root url="jar://$USER_HOME$/.jdks/graalvm-ce-17/lib/src.zip!/jdk.javadoc" type="simple" />
            <root url="jar://$USER_HOME$/.jdks/graalvm-ce-17/lib/src.zip!/jdk.xml.dom" type="simple" />
            <root url="jar://$USER_HOME$/.jdks/graalvm-ce-17/lib/src.zip!/java.desktop" type="simple" />
            <root url="jar://$USER_HOME$/.jdks/graalvm-ce-17/lib/src.zip!/java.logging" type="simple" />
            <root url="jar://$USER_HOME$/.jdks/graalvm-ce-17/lib/src.zip!/jdk.charsets" type="simple" />
            <root url="jar://$USER_HOME$/.jdks/graalvm-ce-17/lib/src.zip!/jdk.compiler" type="simple" />
            <root url="jar://$USER_HOME$/.jdks/graalvm-ce-17/lib/src.zip!/jdk.dynalink" type="simple" />
            <root url="jar://$USER_HOME$/.jdks/graalvm-ce-17/lib/src.zip!/jdk.jconsole" type="simple" />
            <root url="jar://$USER_HOME$/.jdks/graalvm-ce-17/lib/src.zip!/jdk.jpackage" type="simple" />
            <root url="jar://$USER_HOME$/.jdks/graalvm-ce-17/lib/src.zip!/jdk.jsobject" type="simple" />
            <root url="jar://$USER_HOME$/.jdks/graalvm-ce-17/lib/src.zip!/java.compiler" type="simple" />
            <root url="jar://$USER_HOME$/.jdks/graalvm-ce-17/lib/src.zip!/java.net.http" type="simple" />
            <root url="jar://$USER_HOME$/.jdks/graalvm-ce-17/lib/src.zip!/jdk.crypto.ec" type="simple" />
            <root url="jar://$USER_HOME$/.jdks/graalvm-ce-17/lib/src.zip!/java.scripting" type="simple" />
            <root url="jar://$USER_HOME$/.jdks/graalvm-ce-17/lib/src.zip!/jdk.httpserver" type="simple" />
            <root url="jar://$USER_HOME$/.jdks/graalvm-ce-17/lib/src.zip!/jdk.jdwp.agent" type="simple" />
            <root url="jar://$USER_HOME$/.jdks/graalvm-ce-17/lib/src.zip!/jdk.localedata" type="simple" />
            <root url="jar://$USER_HOME$/.jdks/graalvm-ce-17/lib/src.zip!/jdk.management" type="simple" />
            <root url="jar://$USER_HOME$/.jdks/graalvm-ce-17/lib/src.zip!/jdk.naming.dns" type="simple" />
            <root url="jar://$USER_HOME$/.jdks/graalvm-ce-17/lib/src.zip!/jdk.naming.rmi" type="simple" />
            <root url="jar://$USER_HOME$/.jdks/graalvm-ce-17/lib/src.zip!/java.instrument" type="simple" />
            <root url="jar://$USER_HOME$/.jdks/graalvm-ce-17/lib/src.zip!/java.management" type="simple" />
            <root url="jar://$USER_HOME$/.jdks/graalvm-ce-17/lib/src.zip!/java.sql.rowset" type="simple" />
            <root url="jar://$USER_HOME$/.jdks/graalvm-ce-17/lib/src.zip!/java.xml.crypto" type="simple" />
            <root url="jar://$USER_HOME$/.jdks/graalvm-ce-17/lib/src.zip!/jdk.internal.ed" type="simple" />
            <root url="jar://$USER_HOME$/.jdks/graalvm-ce-17/lib/src.zip!/jdk.internal.le" type="simple" />
            <root url="jar://$USER_HOME$/.jdks/graalvm-ce-17/lib/src.zip!/jdk.nio.mapmode" type="simple" />
            <root url="jar://$USER_HOME$/.jdks/graalvm-ce-17/lib/src.zip!/jdk.unsupported" type="simple" />
            <root url="jar://$USER_HOME$/.jdks/graalvm-ce-17/lib/src.zip!/org.graalvm.sdk" type="simple" />
            <root url="jar://$USER_HOME$/.jdks/graalvm-ce-17/lib/src.zip!/java.smartcardio" type="simple" />
            <root url="jar://$USER_HOME$/.jdks/graalvm-ce-17/lib/src.zip!/jdk.internal.opt" type="simple" />
            <root url="jar://$USER_HOME$/.jdks/graalvm-ce-17/lib/src.zip!/java.datatransfer" type="simple" />
            <root url="jar://$USER_HOME$/.jdks/graalvm-ce-17/lib/src.zip!/jdk.accessibility" type="simple" />
            <root url="jar://$USER_HOME$/.jdks/graalvm-ce-17/lib/src.zip!/jdk.crypto.mscapi" type="simple" />
            <root url="jar://$USER_HOME$/.jdks/graalvm-ce-17/lib/src.zip!/jdk.hotspot.agent" type="simple" />
            <root url="jar://$USER_HOME$/.jdks/graalvm-ce-17/lib/src.zip!/jdk.security.auth" type="simple" />
            <root url="jar://$USER_HOME$/.jdks/graalvm-ce-17/lib/src.zip!/jdk.security.jgss" type="simple" />
            <root url="jar://$USER_HOME$/.jdks/graalvm-ce-17/lib/src.zip!/java.security.jgss" type="simple" />
            <root url="jar://$USER_HOME$/.jdks/graalvm-ce-17/lib/src.zip!/java.security.sasl" type="simple" />
            <root url="jar://$USER_HOME$/.jdks/graalvm-ce-17/lib/src.zip!/jdk.internal.vm.ci" type="simple" />
            <root url="jar://$USER_HOME$/.jdks/graalvm-ce-17/lib/src.zip!/jdk.management.jfr" type="simple" />
            <root url="jar://$USER_HOME$/.jdks/graalvm-ce-17/lib/src.zip!/java.management.rmi" type="simple" />
            <root url="jar://$USER_HOME$/.jdks/graalvm-ce-17/lib/src.zip!/java.transaction.xa" type="simple" />
            <root url="jar://$USER_HOME$/.jdks/graalvm-ce-17/lib/src.zip!/jdk.crypto.cryptoki" type="simple" />
            <root url="jar://$USER_HOME$/.jdks/graalvm-ce-17/lib/src.zip!/org.graalvm.locator" type="simple" />
            <root url="jar://$USER_HOME$/.jdks/graalvm-ce-17/lib/src.zip!/org.graalvm.truffle" type="simple" />
            <root url="jar://$USER_HOME$/.jdks/graalvm-ce-17/lib/src.zip!/jdk.incubator.vector" type="simple" />
            <root url="jar://$USER_HOME$/.jdks/graalvm-ce-17/lib/src.zip!/jdk.internal.jvmstat" type="simple" />
            <root url="jar://$USER_HOME$/.jdks/graalvm-ce-17/lib/src.zip!/jdk.management.agent" type="simple" />
            <root url="jar://$USER_HOME$/.jdks/graalvm-ce-17/lib/src.zip!/jdk.incubator.foreign" type="simple" />
            <root url="jar://$USER_HOME$/.jdks/graalvm-ce-17/lib/src.zip!/jdk.unsupported.desktop" type="simple" />
            <root url="jar://$USER_HOME$/.jdks/graalvm-ce-17/lib/src.zip!/com.oracle.truffle.regex" type="simple" />
            <root url="jar://$USER_HOME$/.jdks/graalvm-ce-17/lib/src.zip!/jdk.internal.vm.compiler" type="simple" />
            <root url="jar://$USER_HOME$/.jdks/graalvm-ce-17/lib/src.zip!/org.graalvm.js.scriptengine" type="simple" />
            <root url="jar://$USER_HOME$/.jdks/graalvm-ce-17/lib/src.zip!/org.graalvm.nativeimage.llvm" type="simple" />
            <root url="jar://$USER_HOME$/.jdks/graalvm-ce-17/lib/src.zip!/com.oracle.svm.svm_enterprise" type="simple" />
            <root url="jar://$USER_HOME$/.jdks/graalvm-ce-17/lib/src.zip!/com.oracle.truffle.truffle_nfi" type="simple" />
            <root url="jar://$USER_HOME$/.jdks/graalvm-ce-17/lib/src.zip!/com.oracle.graal.graal_enterprise" type="simple" />
            <root url="jar://$USER_HOME$/.jdks/graalvm-ce-17/lib/src.zip!/jdk.internal.vm.compiler.management" type="simple" />
            <root url="jar://$USER_HOME$/.jdks/graalvm-ce-17/lib/src.zip!/jdk.internal.vm.compiler.truffle.jfr" type="simple" />
            <root url="jar://$USER_HOME$/.jdks/graalvm-ce-17/lib/src.zip!/org.graalvm.nativeimage.junitsupport" type="simple" />
            <root url="jar://$USER_HOME$/.jdks/graalvm-ce-17/lib/src.zip!/com.oracle.truffle.truffle_nfi_libffi" type="simple" />
          </root>
        </sourcePath>
      </roots>
      <additional />
    </jdk>
  </component>
</application>