<application>
  <component name="FileTypeManager" version="19">
    <extensionMap>
      <mapping pattern="active gitignore.md" type="AUTO_DETECTED" />
      <mapping pattern="ajax数据交换.txt" type="AUTO_DETECTED" />
      <mapping pattern="config server port" type="AUTO_DETECTED" />
      <mapping pattern="组管理和权限管理.txt" type="AUTO_DETECTED" />
      <mapping pattern="定时任务调度" type="AUTO_DETECTED" />
      <mapping pattern="command" type="AUTO_DETECTED" />
      <mapping pattern="proxy setting" type="AUTO_DETECTED" />
      <mapping pattern="from UAT.sql" type="AspectJ" />
      <mapping ext="gradle.kts" type="Kotlin" />
      <mapping ext="space.kts" type="Kotlin" />
      <mapping ext="main.kts" type="Kotlin" />
      <mapping pattern="error_result" type="Native" />
      <mapping pattern="notes" type="PLAIN_TEXT" />
      <mapping pattern="capfis" type="PLAIN_TEXT" />
      <mapping pattern="simple" type="PLAIN_TEXT" />
      <mapping pattern="875gob" type="PLAIN_TEXT" />
      <mapping pattern="server list" type="PLAIN_TEXT" />
      <mapping pattern="dd.dm" type="PLAIN_TEXT" />
      <mapping pattern="待Approval事項" type="PLAIN_TEXT" />
      <mapping pattern="sdf" type="PLAIN_TEXT" />
      <mapping pattern="police M drive" type="PLAIN_TEXT" />
      <mapping pattern="service request #182051" type="PLAIN_TEXT" />
      <mapping pattern="following task.md" type="PLAIN_TEXT" />
      <mapping pattern="police sql developer" type="PLAIN_TEXT" />
      <mapping pattern="from UAT" type="PLAIN_TEXT" />
      <mapping pattern="templ code" type="PLAIN_TEXT" />
      <mapping pattern="P drive" type="PLAIN_TEXT" />
      <mapping ext="bak" type="PLAIN_TEXT" />
      <mapping ext="rtf" type="PLAIN_TEXT" />
      <mapping ext="config image" type="PLAIN_TEXT" />
      <mapping ext="snapshot" type="PLAIN_TEXT" />
      <mapping pattern="temp_sql" type="SQL" />
      <mapping pattern="2" type="XML" />
      <mapping pattern="Mybatis Notes" type="XML" />
      <mapping pattern="1" type="yarn.lock" />
      <mapping pattern="sds" type="yarn.lock" />
      <removed_mapping ext="apk" approved="true" type="ARCHIVE" />
      <removed_mapping ext="bat" approved="true" type="Bat" />
      <removed_mapping ext="chm" approved="true" type="Native" />
      <removed_mapping ext="cmd" approved="true" type="Cmd" />
      <removed_mapping ext="dockerignore" approved="true" type="DockerIgnore file" />
      <removed_mapping ext="ignore" approved="true" type="IgnoreLang file" />
      <removed_mapping ext="log" approved="true" type="PLAIN_TEXT" />
      <removed_mapping ext="pdf" approved="true" type="Native" />
      <removed_mapping ext="psd" approved="true" type="Image" />
      <mapping ext="plantuml" type="PlantUML file" />
      <mapping pattern="from UAT.sql" type="AspectJ" />
    </extensionMap>
  </component>
</application>