<application>
  <component name="NodeJsLocalInterpreterManager">
    <local-interpreter path="$USER_HOME$/.nvm/versions/node/v18.19.0/bin/node">
      <version-cache version="18.19.0" last-modified="1701264837000" />
    </local-interpreter>
    <local-interpreter path="$USER_HOME$/.nvm/versions/node/v16.20.2/bin/node">
      <version-cache version="16.20.2" last-modified="1691533693000" />
    </local-interpreter>
    <local-interpreter path="$APPLICATION_CONFIG_DIR$/node/node-v14.15.0-darwin-x64/bin/node">
      <version-cache version="14.15.0" last-modified="1701931159656" />
    </local-interpreter>
  </component>
</application>