<application>
  <component name="FeatureSuggesterSettings">
    <option name="workingDays">
      <list>
        <option value="1663208712182" />
        <option value="1663315341795" />
        <option value="1663349374847" />
        <option value="1663840647298" />
        <option value="1663896791159" />
        <option value="1664156433767" />
        <option value="1664241647410" />
        <option value="1664294436876" />
        <option value="1664415233214" />
        <option value="1664467200272" />
        <option value="1664556353374" />
        <option value="1664640028410" />
        <option value="1664730613292" />
        <option value="1664885114652" />
        <option value="1664930526162" />
        <option value="1664987146588" />
        <option value="1665074776514" />
        <option value="1665180844350" />
        <option value="1665247993395" />
        <option value="1665333293034" />
        <option value="1665417859316" />
        <option value="1665538386493" />
        <option value="1665643010310" />
        <option value="1665677135747" />
        <option value="1665836727783" />
        <option value="1665855511781" />
        <option value="1666012855740" />
        <option value="1666043677599" />
        <option value="1666142956439" />
        <option value="1666195697415" />
      </list>
    </option>
  </component>
</application>