<application>
  <component name="MavenWrapperMapping">
    <option name="mapping">
      <map>
        <entry key="https://repo.maven.apache.org/maven2/org/apache/maven/apache-maven/3.5.4/apache-maven-3.5.4-bin.zip" value="C:\Users\Kalam_au\.m2\wrapper\dists\apache-maven-3.5.4-bin\4lcg54ki11c6mp435njk296gm5\apache-maven-3.5.4" />
        <entry key="https://repo.maven.apache.org/maven2/org/apache/maven/apache-maven/3.6.1/apache-maven-3.6.1-bin.zip" value="C:\Users\Kalam_au\.m2\wrapper\dists\apache-maven-3.6.1-bin\38pn40mp89t5c94bjdbeod370m\apache-maven-3.6.1" />
        <entry key="https://repo.maven.apache.org/maven2/org/apache/maven/apache-maven/3.6.3/apache-maven-3.6.3-bin.zip" value="C:\Users\Kalam_au\.m2\wrapper\dists\apache-maven-3.6.3-bin\1iopthnavndlasol9gbrbg6bf2\apache-maven-3.6.3" />
        <entry key="https://repo.maven.apache.org/maven2/org/apache/maven/apache-maven/3.8.1/apache-maven-3.8.1-bin.zip" value="C:\Users\Kalam_au\.m2\wrapper\dists\apache-maven-3.8.1-bin\2l5mhf2pq2clrde7f7qp1rdt5m\apache-maven-3.8.1" />
        <entry key="https://repo.maven.apache.org/maven2/org/apache/maven/apache-maven/3.8.6/apache-maven-3.8.6-bin.zip" value="C:\Users\Kalam_au\.m2\wrapper\dists\apache-maven-3.8.6-bin\1ks0nkde5v1pk9vtc31i9d0lcd\apache-maven-3.8.6" />
        <entry key="https://repo1.maven.org/maven2/org/apache/maven/apache-maven/3.5.2/apache-maven-3.5.2-bin.zip" value="C:\Users\Kalam_au\.m2\wrapper\dists\apache-maven-3.5.2-bin\28qa8v9e2mq69covern8vmdkj0\apache-maven-3.5.2" />
        <entry key="https://repo1.maven.org/maven2/org/apache/maven/apache-maven/3.5.3/apache-maven-3.5.3-bin.zip" value="C:\Users\Kalam_au\.m2\wrapper\dists\apache-maven-3.5.3-bin\2c22a6s60afpuloj4v181qvild\apache-maven-3.5.3" />
      </map>
    </option>
  </component>
</application>