<keymap version="1" name="Garlam" parent="Eclipse">
  <action id="$Delete">
    <keyboard-shortcut first-keystroke="alt back_space" />
    <keyboard-shortcut first-keystroke="delete" />
  </action>
  <action id="$Paste">
    <keyboard-shortcut first-keystroke="ctrl v" />
  </action>
  <action id="ActivateBookmarksToolWindow" />
  <action id="ActivateProjectToolWindow" />
  <action id="ActivateTerminalToolWindow" />
  <action id="AddToFavoritesPopup" />
  <action id="Android.HotswapChanges" />
  <action id="Arrangement.Alias.Rule.Edit" />
  <action id="Arrangement.Rule.Edit" />
  <action id="ChangesView.SetDefault" />
  <action id="CheckinProject">
    <keyboard-shortcut first-keystroke="alt k" />
  </action>
  <action id="ChooseNextSubsequentPropertyValueEditorAction" />
  <action id="ChoosePrevSubsequentPropertyValueEditorAction" />
  <action id="ClassNameCompletion" />
  <action id="CloseAllEditors">
    <keyboard-shortcut first-keystroke="shift ctrl alt w" />
  </action>
  <action id="CloseAllEditorsButActive">
    <keyboard-shortcut first-keystroke="shift alt w" />
  </action>
  <action id="CloseContent" />
  <action id="CodeCompletion" />
  <action id="CollapseAll">
    <keyboard-shortcut first-keystroke="alt minus" />
  </action>
  <action id="CollapseAllRegions">
    <keyboard-shortcut first-keystroke="alt minus" />
  </action>
  <action id="CommentByLineComment">
    <keyboard-shortcut first-keystroke="ctrl slash" />
  </action>
  <action id="Console.Jdbc.Cancel">
    <keyboard-shortcut first-keystroke="alt 3" />
  </action>
  <action id="Console.Jdbc.Execute">
    <keyboard-shortcut first-keystroke="alt enter" />
    <keyboard-shortcut first-keystroke="ctrl enter" />
  </action>
  <action id="Console.Jpa.Execute">
    <keyboard-shortcut first-keystroke="f5" />
    <keyboard-shortcut first-keystroke="alt enter" />
  </action>
  <action id="Console.Jpa.Terminate" />
  <action id="Console.Open">
    <keyboard-shortcut first-keystroke="shift ctrl f10" />
    <keyboard-shortcut first-keystroke="shift c" />
  </action>
  <action id="Console.TableResult.CopyAggregatorResult" />
  <action id="Console.TableResult.EditValue">
    <keyboard-shortcut first-keystroke="enter" />
    <keyboard-shortcut first-keystroke="alt enter" />
  </action>
  <action id="Console.TableResult.Submit">
    <keyboard-shortcut first-keystroke="f5" />
    <keyboard-shortcut first-keystroke="alt enter" />
  </action>
  <action id="Console.Transaction.Commit" />
  <action id="ConsoleView.ClearAll">
    <keyboard-shortcut first-keystroke="shift alt q" />
  </action>
  <action id="ContextHelp" />
  <action id="CopyAsPlainText">
    <keyboard-shortcut first-keystroke="ctrl c" />
  </action>
  <action id="CopyContentRootPath">
    <keyboard-shortcut first-keystroke="shift alt c" />
  </action>
  <action id="CopySourceRootPath">
    <keyboard-shortcut first-keystroke="shift alt c" />
  </action>
  <action id="DSM.ZoomIn">
    <keyboard-shortcut first-keystroke="ctrl add" />
  </action>
  <action id="DatabaseView.DeactivateAction" />
  <action id="Debug">
    <keyboard-shortcut first-keystroke="alt 2" />
  </action>
  <action id="Debugger.EditArrayFilter" />
  <action id="Debugger.EditCustomField" />
  <action id="DecrementWindowHeight" />
  <action id="Diff.NextChange">
    <keyboard-shortcut first-keystroke="ctrl alt left" />
    <keyboard-shortcut first-keystroke="ctrl page_down" />
  </action>
  <action id="DomElementsTreeView.DeleteElement">
    <keyboard-shortcut first-keystroke="delete" />
  </action>
  <action id="DumpLookupElementWeights" />
  <action id="Editor Copy">
    <keyboard-shortcut first-keystroke="meta c" />
    <keyboard-shortcut first-keystroke="alt c" />
  </action>
  <action id="Editor Delete">
    <keyboard-shortcut first-keystroke="alt back_space" />
    <keyboard-shortcut first-keystroke="delete" />
  </action>
  <action id="EditorBackSpace">
    <keyboard-shortcut first-keystroke="back_space" />
  </action>
  <action id="EditorContextInfo" />
  <action id="EditorDelete">
    <keyboard-shortcut first-keystroke="alt back_space" />
    <keyboard-shortcut first-keystroke="delete" />
  </action>
  <action id="EditorDuplicateLines">
    <keyboard-shortcut first-keystroke="alt c" />
  </action>
  <action id="EditorLookupDown" />
  <action id="EditorLookupUp" />
  <action id="EditorPaste">
    <keyboard-shortcut first-keystroke="ctrl v" />
  </action>
  <action id="EditorScrollDown" />
  <action id="EditorScrollUp" />
  <action id="EditorSetRtlBidiTextDirection">
    <keyboard-shortcut first-keystroke="ctrl alt slash" />
  </action>
  <action id="ExpandAll">
    <keyboard-shortcut first-keystroke="alt equals" />
  </action>
  <action id="ExpandAllRegions">
    <keyboard-shortcut first-keystroke="alt equals" />
  </action>
  <action id="ExternalSystem.ExpandAll">
    <keyboard-shortcut first-keystroke="ctrl add" />
  </action>
  <action id="FileStructurePopup">
    <keyboard-shortcut first-keystroke="ctrl o" />
  </action>
  <action id="Find">
    <keyboard-shortcut first-keystroke="alt f" />
  </action>
  <action id="FindInPath">
    <keyboard-shortcut first-keystroke="ctrl h" />
    <keyboard-shortcut first-keystroke="alt w" />
  </action>
  <action id="FindPrevious" />
  <action id="FixDocComment">
    <keyboard-shortcut first-keystroke="shift alt 5" />
  </action>
  <action id="GenerateJavadoc">
    <keyboard-shortcut first-keystroke="alt 5" />
  </action>
  <action id="GotoClass" />
  <action id="GotoPreviousError" />
  <action id="Graph.ApplyCurrentLayout" />
  <action id="Graph.RouteEdges">
    <keyboard-shortcut first-keystroke="f5" />
    <keyboard-shortcut first-keystroke="alt enter" />
  </action>
  <action id="HighlightUsagesInFile">
    <keyboard-shortcut first-keystroke="shift ctrl f7" />
  </action>
  <action id="HippieBackwardCompletion" />
  <action id="IlluminatedCloud.SaveAll">
    <keyboard-shortcut first-keystroke="ctrl s" />
  </action>
  <action id="Images.Editor.ZoomIn">
    <keyboard-shortcut first-keystroke="ctrl add" />
  </action>
  <action id="Images.Thumbnails.UpFolder" />
  <action id="IncrementWindowHeight" />
  <action id="JRebel Debug">
    <keyboard-shortcut first-keystroke="shift ctrl w" />
  </action>
  <action id="JRebel Executor">
    <keyboard-shortcut first-keystroke="f10" />
  </action>
  <action id="Jdbc.OpenConsole.Any">
    <keyboard-shortcut first-keystroke="shift ctrl f10" />
  </action>
  <action id="Jdbc.OpenConsole.New.Generate">
    <keyboard-shortcut first-keystroke="shift ctrl q" />
  </action>
  <action id="Jdbc.OpenEditor.Grid.DDL">
    <mouse-shortcut keystroke="control button1" />
  </action>
  <action id="Jpa.OpenConsole">
    <keyboard-shortcut first-keystroke="shift ctrl f10" />
  </action>
  <action id="JumpToLastChange" />
  <action id="Maven.Reimport">
    <keyboard-shortcut first-keystroke="alt i" />
  </action>
  <action id="MethodDown" />
  <action id="MethodOverloadSwitchDown" />
  <action id="MethodOverloadSwitchUp" />
  <action id="MethodUp" />
  <action id="MoveLineDown">
    <keyboard-shortcut first-keystroke="ctrl down" />
  </action>
  <action id="MoveLineUp">
    <keyboard-shortcut first-keystroke="ctrl up" />
  </action>
  <action id="NewClass">
    <keyboard-shortcut first-keystroke="shift alt j" />
  </action>
  <action id="NewDir">
    <keyboard-shortcut first-keystroke="shift alt d" />
  </action>
  <action id="NewFile">
    <keyboard-shortcut first-keystroke="shift alt f" />
  </action>
  <action id="NewScratchFile">
    <keyboard-shortcut first-keystroke="alt t" />
  </action>
  <action id="NextDiff" />
  <action id="NextTab">
    <keyboard-shortcut first-keystroke="ctrl alt left" />
    <keyboard-shortcut first-keystroke="ctrl page_down" />
  </action>
  <action id="OptimizeImports">
    <keyboard-shortcut first-keystroke="shift alt o" />
  </action>
  <action id="PreviousTab">
    <keyboard-shortcut first-keystroke="shift ctrl f6" />
    <keyboard-shortcut first-keystroke="ctrl page_up" />
  </action>
  <action id="QuickEvaluateExpression">
    <keyboard-shortcut first-keystroke="ctrl alt f8" />
  </action>
  <action id="QuickJavaDoc">
    <mouse-shortcut keystroke="alt button2" />
    <keyboard-shortcut first-keystroke="shift ctrl space" />
  </action>
  <action id="ReformatCode">
    <keyboard-shortcut first-keystroke="shift ctrl f" />
  </action>
  <action id="RenameElement">
    <keyboard-shortcut first-keystroke="shift alt r" />
    <keyboard-shortcut first-keystroke="f2" />
  </action>
  <action id="ResizeToolWindowDown" />
  <action id="ResizeToolWindowLeft" />
  <action id="ResizeToolWindowRight" />
  <action id="ResizeToolWindowUp" />
  <action id="Resume">
    <keyboard-shortcut first-keystroke="f8" />
    <keyboard-shortcut first-keystroke="alt close_bracket" />
  </action>
  <action id="RevealIn">
    <keyboard-shortcut first-keystroke="meta back_quote" />
  </action>
  <action id="Run">
    <keyboard-shortcut first-keystroke="alt 1" />
  </action>
  <action id="RunDashboard.Run">
    <keyboard-shortcut first-keystroke="f1" />
    <keyboard-shortcut first-keystroke="alt 1" />
  </action>
  <action id="RunDashboard.Stop">
    <keyboard-shortcut first-keystroke="alt 3" />
  </action>
  <action id="SaveAll" />
  <action id="SearchEverywhere.NavigateToNextGroup">
    <keyboard-shortcut first-keystroke="page_down" />
  </action>
  <action id="SearchEverywhere.NavigateToPrevGroup">
    <keyboard-shortcut first-keystroke="page_up" />
  </action>
  <action id="SelectInProjectView">
    <keyboard-shortcut first-keystroke="alt back_quote" />
  </action>
  <action id="ShowBookmarks" />
  <action id="ShowPopupMenu">
    <keyboard-shortcut first-keystroke="ctrl n" />
  </action>
  <action id="ShowProjectStructureSettings">
    <keyboard-shortcut first-keystroke="shift alt s" />
  </action>
  <action id="SmartStepInto" />
  <action id="StepInto" />
  <action id="StepOver">
    <keyboard-shortcut first-keystroke="f6" />
    <keyboard-shortcut first-keystroke="alt open_bracket" />
  </action>
  <action id="Stop">
    <keyboard-shortcut first-keystroke="alt 3" />
  </action>
  <action id="Terminal.ClearBuffer">
    <keyboard-shortcut first-keystroke="shift alt q" />
  </action>
  <action id="ToggleLineBreakpoint">
    <keyboard-shortcut first-keystroke="shift ctrl b" />
  </action>
  <action id="TypeHierarchy" />
  <action id="TypeHierarchyBase.BaseOnThisType" />
  <action id="UsageView.Exclude">
    <keyboard-shortcut first-keystroke="delete" />
  </action>
  <action id="Vcs.Push">
    <keyboard-shortcut first-keystroke="shift alt k" />
  </action>
  <action id="Vcs.QuickListPopupAction" />
  <action id="Vcs.ReformatCommitMessage">
    <keyboard-shortcut first-keystroke="shift alt f" />
  </action>
  <action id="Vcs.UpdateProject">
    <keyboard-shortcut first-keystroke="alt u" />
  </action>
  <action id="XDebugger.EditWatch" />
  <action id="XDebugger.MoveWatchUp" />
  <action id="XDebugger.SetValue" />
  <action id="context.save" />
  <action id="editRunConfigurations">
    <keyboard-shortcut first-keystroke="alt e" />
  </action>
  <action id="javaee.UpdateRunningApplication">
    <keyboard-shortcut first-keystroke="ctrl f10" />
    <keyboard-shortcut first-keystroke="ctrl alt q" />
  </action>
  <action id="tasks.switch" />
</keymap>