<application>
  <component name="FindSettings">
    <option name="customScope" value="All Places" />
    <option name="defaultScopeName" value="All Places" />
    <option name="SEARCH_SCOPE" value="All Places" />
    <mask>*.jsp</mask>
    <mask>*.js</mask>
    <mask>*.sql</mask>
    <mask>*.css</mask>
    <mask>demoPageTable</mask>
    <mask>*.html</mask>
    <mask>*.xml</mask>
    <mask>*.gi</mask>
    <mask>*.gitignore</mask>
    <mask>*.xhtml</mask>
    <mask>*.bat</mask>
    <mask>*.java</mask>
    <mask>*.properties</mask>
  </component>
</application>